incubator,location,incubee,current_incubatees,graduated_incubatees
Startup Mahakumbh,Nicobars Andaman and Nicobar Islands,https://www.startupindia.gov.in/content/sih/en/profile.Incubator.67bda665e4b0c167e9f98e43.html,12,12
Startup Mahakumbh,Nicobars Andaman and Nicobar Islands,https://www.startupindia.gov.in/content/sih/en/profile.Incubator.67bda4b3e4b0c167e9f98d39.html,12,12
Startup Mahakumbh,Nicobars Andaman and Nicobar Islands,https://www.startupindia.gov.in/content/sih/en/profile.Incubator.67bd8ea2e4b0c167e9f97990.html,0,0
Startup Mahakumbh,Nicobars Andaman and Nicobar Islands,https://www.startupindia.gov.in/content/sih/en/profile.Incubator.67bd7b51e4b0c167e9f96980.html,0,0
startup mahakumbh grand challenge,New Delhi Delhi,https://www.startupindia.gov.in/content/sih/en/profile.Incubator.67bc5d28e4b0b57bb29f619a.html,0,0
BioNEST DMIHER,Nagpur Maharashtra,https://www.startupindia.gov.in/content/sih/en/profile.Incubator.675189a5e4b0953e58b0b2df.html,0,0
Sahyadri Rural Development Foundation,Nashik Maharashtra,https://www.startupindia.gov.in/content/sih/en/profile.Incubator.67402128e4b038b18cd2568d.html,0,0
CVRU iTBI,Bilaspur Chhattisgarh,https://www.startupindia.gov.in/content/sih/en/profile.Incubator.6731a814e4b017491c4e4f0e.html,0,0
AmpliNxt incubator,Pune Maharashtra,https://www.startupindia.gov.in/content/sih/en/profile.Incubator.672dc7cbe4b0f06895352c09.html,0,0
Technology Innovation Foundation of IIT Palakkad,Palakkad Kerala,https://www.startupindia.gov.in/content/sih/en/profile.Incubator.671b4e45e4b0bbf338c338aa.html,23,7
Vety and Livestock Innovation and Incubation Foundation (VLIIF),Sangrur Punjab,https://www.startupindia.gov.in/content/sih/en/profile.Incubator.67174bfde4b0a63a47896c12.html,0,0
DBATU FORUM OF INNOVATION INCUBATION & ENTERPRISE (DFIIE),Raigad Maharashtra,https://www.startupindia.gov.in/content/sih/en/profile.Incubator.67164ec7e4b005845491520d.html,0,0
PUNJAB BIOTECHNOLOGY INCUBATOR,Mohali Punjab,https://www.startupindia.gov.in/content/sih/en/profile.Incubator.6710aee7e4b09e4189b077d9.html,0,0
TBIGEU,Dehradun Uttarakhand,https://www.startupindia.gov.in/content/sih/en/profile.Incubator.670e2e60e4b0f12ecfe4ef8f.html,12,75
Dholakia Incub8 Foundation,Surat Gujarat,https://www.startupindia.gov.in/content/sih/en/profile.Incubator.66fa6ea1e4b0f06e1bb05984.html,10,2
V-NEST VIT CHENNAI STARTUP AND RESEARCH FOUNDATION,Chennai Tamil Nadu,https://www.startupindia.gov.in/content/sih/en/profile.Incubator.66f2a090e4b003d3e19d20b9.html,0,0
UPID Noida Innovation and Incubation Foundation,Gautam Buddha Nagar Uttar Pradesh,https://www.startupindia.gov.in/content/sih/en/profile.Incubator.66e16f51e4b0574f4f896b0c.html,10,1
Santosh Startups Forum,Ghaziabad Uttar Pradesh,https://www.startupindia.gov.in/content/sih/en/profile.Incubator.66e168cce4b0574f4f894dea.html,16,5
Unigoa Knowledge and Innovation Foundation,Panaji Goa,https://www.startupindia.gov.in/content/sih/en/profile.Incubator.66dfe683e4b0da161d5c20de.html,0,0
JS Innovations,Firozabad Uttar Pradesh,https://www.startupindia.gov.in/content/sih/en/profile.Incubator.66dab0f7e4b0da161d5b3514.html,0,0
FOUV Innovation Foundation,Palwal Haryana,https://www.startupindia.gov.in/content/sih/en/profile.Incubator.66d71ef4e4b0da161d5a5b02.html,5,8
MERI StartupHub,South West Delhi Delhi,https://www.startupindia.gov.in/content/sih/en/profile.Incubator.66d5d9bfe4b0da161d5a0a0b.html,0,0
Gyan Ganga Genesis Incubation Center,Jabalpur Madhya Pradesh,https://www.startupindia.gov.in/content/sih/en/profile.Incubator.66d0171be4b0da161d583ca5.html,0,0
Vsure Investment Affairs Private Limited,Navi Mumbai Maharashtra,https://www.startupindia.gov.in/content/sih/en/profile.Incubator.66cfe59ee4b0da161d58297e.html,15,4
IHub-Data Foundation,Hyderabad Telangana,https://www.startupindia.gov.in/content/sih/en/profile.Incubator.66cf0067e4b0da161d580587.html,10,20
AICRAISE,Coimbatore Tamil Nadu,https://www.startupindia.gov.in/content/sih/en/profile.Incubator.66cedcf2e4b0da161d57f1ba.html,84,30
Visvesvaraya Research and Innovation Foundation,Belagavi Karnataka,https://www.startupindia.gov.in/content/sih/en/profile.Incubator.66c9bf5be4b0da161d57110f.html,11,9
OASME Council for Engineering and Technology,Cuttack Odisha,https://www.startupindia.gov.in/content/sih/en/profile.Incubator.66c88640e4b0da161d56e0ea.html,10,5
CoE-Efficiency Augmentation,Bengaluru Karnataka,https://www.startupindia.gov.in/content/sih/en/profile.Incubator.66c851d1e4b0da161d56ccb5.html,0,0
Arifa Innovation and Incubation Council,Nagapattinam Tamil Nadu,https://www.startupindia.gov.in/content/sih/en/profile.Incubator.66bb2ec6e4b0c0e46a159dbc.html,3,1
TiHAN IIT Hyderabad,Hyderabad Telangana,https://www.startupindia.gov.in/content/sih/en/profile.Incubator.66b9af27e4b0d0594ef18242.html,0,0
Geenovate Foundation,Hyderabad Telangana,https://www.startupindia.gov.in/content/sih/en/profile.Incubator.66b5b7fce4b0557536cd557e.html,4,1
NSUTEC IRF,East Delhi Delhi,https://www.startupindia.gov.in/content/sih/en/profile.Incubator.66b0a92be4b0ec4eca359670.html,10,6
SAGE Foundation (UnLtd India),Mumbai Maharashtra,https://www.startupindia.gov.in/content/sih/en/profile.Incubator.66a89fcce4b07936b4718b2c.html,363,350
Karmaveer Bhaurao Patil Research Foundation,Satara Maharashtra,https://www.startupindia.gov.in/content/sih/en/profile.Incubator.66a76eb6e4b07936b4715007.html,0,0
United Incubation Hub,Allahabad Uttar Pradesh,https://www.startupindia.gov.in/content/sih/en/profile.Incubator.66a4a7ade4b07936b470e404.html,0,0
Oasys Institute of Technology,Tiruchirappalli Tamil Nadu,https://www.startupindia.gov.in/content/sih/en/profile.Incubator.66a24aa8e4b07936b4707e06.html,5,5
Manav Bharti Foundation,Sirohi Rajasthan,https://www.startupindia.gov.in/content/sih/en/profile.Incubator.66a22b7de4b07936b47071a8.html,12,4
Central University of Punjab Research and Development Foundation,Bathinda Punjab,https://www.startupindia.gov.in/content/sih/en/profile.Incubator.66a22472e4b07936b4706f3a.html,0,0
SAMIRAN MITRA (CSVTU-FORTE),Bhilai Nagar Chhattisgarh,https://www.startupindia.gov.in/content/sih/en/profile.Incubator.66a0b555e4b07936b47007e0.html,0,0
Foundation for Technology and Entrepreneurial Ecosystems,Vijayapura Karnataka,https://www.startupindia.gov.in/content/sih/en/profile.Incubator.66a095b2e4b07936b46ff9db.html,12,21
NFSU RESEARCH AND INNOVATION COUNCIL,Gandhinagar Gujarat,https://www.startupindia.gov.in/content/sih/en/profile.Incubator.669e1ef5e4b07936b46f5b67.html,14,2
Aarambh Incubation center,Ahmedabad Gujarat,https://www.startupindia.gov.in/content/sih/en/profile.Incubator.669df5fce4b07936b46f42aa.html,30,2
CDIIC - CODISSIA DEFENCE INNOVATION AND ATAL INCUBATION CENTRE,Coimbatore Tamil Nadu,https://www.startupindia.gov.in/content/sih/en/profile.Incubator.669deb52e4b07936b46f3c5d.html,43,4
STPI - EmTek CoE,Bhubaneswar Odisha,https://www.startupindia.gov.in/content/sih/en/profile.Incubator.669b9501e4b07936b46ecd61.html,0,0
RECM Innovation Center Foundation,Mainpuri Uttar Pradesh,https://www.startupindia.gov.in/content/sih/en/profile.Incubator.6698e5a2e4b07936b46e0267.html,56,50
build3,North Goa Goa,https://www.startupindia.gov.in/content/sih/en/profile.Incubator.66961034e4b07936b46cef32.html,26,4
IROLLER CAPITAL PRIVATE LIMITED,Ahmedabad Gujarat,https://www.startupindia.gov.in/content/sih/en/profile.Incubator.66950763e4b07936b46cc882.html,10,3
TDIC-CSIRIITR,Lucknow Uttar Pradesh,https://www.startupindia.gov.in/content/sih/en/profile.Incubator.6694f96ee4b07936b46cc1f8.html,11,18
Laxminarayan Baviskar,Nashik Maharashtra,https://www.startupindia.gov.in/content/sih/en/profile.Incubator.6694afd8e4b01cb6e0d02b93.html,0,0
fmutbi,Baleswar Odisha,https://www.startupindia.gov.in/content/sih/en/profile.Incubator.66921e7de4b01cb6e0cfd782.html,5,2
IIM Shillong Foundation for Incubation and Enterprises,East Khasi Hills Meghalaya,https://www.startupindia.gov.in/content/sih/en/profile.Incubator.668e2c9de4b014c9a9a223c2.html,1,7
ICFAI Incubator,Hyderabad Telangana,https://www.startupindia.gov.in/content/sih/en/profile.Incubator.6686406de4b058f8fde87b06.html,25,10
Centre for Innovation Incubation and Entrepreneurship,South Delhi Delhi,https://www.startupindia.gov.in/content/sih/en/profile.Incubator.6683e4d2e4b05ec08d2240e9.html,15,6
Atal Incubation Centre Guru Gobind Singh Indraprastha University,New Delhi Delhi,https://www.startupindia.gov.in/content/sih/en/profile.Incubator.6682a6a1e4b05a5f46dee5ee.html,0,0
Innovation and Incubation Hub MNNIT Foundation,Allahabad Uttar Pradesh,https://www.startupindia.gov.in/content/sih/en/profile.Incubator.667e5e69e4b0954521651b57.html,0,0
CoE in Efficiency Augmentation,Bengaluru Urban Karnataka,https://www.startupindia.gov.in/content/sih/en/profile.Incubator.667bfca0e4b03320a747e4dc.html,0,0
Kalinga Incubation Foundation,Raipur Chhattisgarh,https://www.startupindia.gov.in/content/sih/en/profile.Incubator.667bf133e4b03320a747e024.html,2,1
IoTOpenLabBengaluru,Bengaluru Karnataka,https://www.startupindia.gov.in/content/sih/en/profile.Incubator.667bc39ee4b03320a747ce8e.html,75,1
Amity Innovation Incubator Lucknow,Lucknow Uttar Pradesh,https://www.startupindia.gov.in/content/sih/en/profile.Incubator.667a76aee4b0ecbc9c2f8c13.html,54,10
DR BANSI DHAR INCUBATION CENTER,Gurugram Haryana,https://www.startupindia.gov.in/content/sih/en/profile.Incubator.66790d43e4b0facc95a6a64e.html,0,0
GRG Gen Nxt Foundation,Coimbatore Tamil Nadu,https://www.startupindia.gov.in/content/sih/en/profile.Incubator.667696dae4b0facc95a6601e.html,0,0
TIH Foundation for IoT & IoE,Mumbai Maharashtra,https://www.startupindia.gov.in/content/sih/en/profile.Incubator.6674061fe4b0d5f6c8bc41cb.html,55,16
SREC SPARK INCUBATION FOUNDATION,Coimbatore Tamil Nadu,https://www.startupindia.gov.in/content/sih/en/profile.Incubator.6673fcede4b0d5f6c8bc3d6e.html,13,2
SASI CIE,Tadepalligudem Andhra Pradesh,https://www.startupindia.gov.in/content/sih/en/profile.Incubator.6673f1a7e4b0d5f6c8bc38ce.html,8,2
AIC STPINEXT INITIATIVES BENGALURU,Bengaluru Urban Karnataka,https://www.startupindia.gov.in/content/sih/en/profile.Incubator.667118cbe4b09f055b632047.html,46,2
FASAL Centre of Entrepreneurship,Akola Maharashtra,https://www.startupindia.gov.in/content/sih/en/profile.Incubator.666c0cfbe4b0bd5d3c2dcf00.html,27,10
Assam Startup,Guwahati Assam,https://www.startupindia.gov.in/content/sih/en/profile.Incubator.6666d687e4b0bd5d3c2bdda9.html,234,255
NETRARIT FOUNDATION,Uran Islampur Maharashtra,https://www.startupindia.gov.in/content/sih/en/profile.Incubator.6666cc63e4b0bd5d3c2bd88b.html,25,10
Bhubaneswar City Knowledge Innovation Cluster Foundation,Bhubaneswar Odisha,https://www.startupindia.gov.in/content/sih/en/profile.Incubator.6662b4d5e4b064981a553e25.html,25,6
IIM Jammu,Srinagar Jammu and Kashmir,https://www.startupindia.gov.in/content/sih/en/profile.Incubator.665ea7c4e4b064981a52e4b5.html,20,60
IDEAS - Institute of Data Engineering Analytics and Science Foundation,Kolkata West Bengal,https://www.startupindia.gov.in/content/sih/en/profile.Incubator.6654b0e6e4b0608c0b189be0.html,0,0
Innovation and Incubation Centre for Entrepreneurship,Bhopal Madhya Pradesh,https://www.startupindia.gov.in/content/sih/en/profile.Incubator.665082e0e4b0608c0b17dee8.html,9,2
Swami Technical and Development Foundation,Ahmednagar Maharashtra,https://www.startupindia.gov.in/content/sih/en/profile.Incubator.66485cb9e4b0608c0b165df4.html,10,10
GNLU Legal Incubation Council,Gandhinagar Gujarat,https://www.startupindia.gov.in/content/sih/en/profile.Incubator.6645d1fce4b0608c0b15fe51.html,0,0
Har Prasad Gupt Incubation Foundation,Varanasi Uttar Pradesh,https://www.startupindia.gov.in/content/sih/en/profile.Incubator.6641fd3be4b02a1359265c9b.html,5,1
Dr Moopens iNEST,Wayanad Kerala,https://www.startupindia.gov.in/content/sih/en/profile.Incubator.6641d83be4b02a135926505f.html,0,0
KALINGA INCUBATION FOUNDATION,Raipur Chhattisgarh,https://www.startupindia.gov.in/content/sih/en/profile.Incubator.663ef7cee4b02a135925d0ac.html,0,0
GALGOTIAS INCUBATION CENTRE FOR RESEARCH INNOVATION STARTUP and ENTREPRENEURS,Gautam Buddha Nagar Uttar Pradesh,https://www.startupindia.gov.in/content/sih/en/profile.Incubator.663dc1abe4b02a1359258566.html,33,5
OPJU Innovation Center,Raigarh Chhattisgarh,https://www.startupindia.gov.in/content/sih/en/profile.Incubator.663b5f01e4b00265e00a48d3.html,0,0
BPlan Advisors Private Limited,Raipur Chhattisgarh,https://www.startupindia.gov.in/content/sih/en/profile.Incubator.6630e15ce4b0cdd2e3dcff9a.html,3,5
I Hub Foundation for Cobotics,New Delhi Delhi,https://www.startupindia.gov.in/content/sih/en/profile.Incubator.6630963fe4b0cdd2e3dce1a5.html,0,0
Hatchlab Research Centre,Guntur Andhra Pradesh,https://www.startupindia.gov.in/content/sih/en/profile.Incubator.662f7c88e4b0cdd2e3dcb6f1.html,43,13
Sathak Innovation and Incubation Foundation,Chennai Tamil Nadu,https://www.startupindia.gov.in/content/sih/en/profile.Incubator.662630c0e4b0cdd2e3db4a75.html,0,0
IIM SAMBALPUR I-HUB FOUNDATION,Sambalpur Odisha,https://www.startupindia.gov.in/content/sih/en/profile.Incubator.6620fe84e4b0cdd2e3da8e3c.html,29,6
PLA,Bengaluru Karnataka,https://www.startupindia.gov.in/content/sih/en/profile.Incubator.6620a789e4b0cdd2e3da6b58.html,52,25
BITS PILANI HYDERABAD CAMPUS SOCIETY,Hyderabad Telangana,https://www.startupindia.gov.in/content/sih/en/profile.Incubator.661fba41e4b0cdd2e3da54ca.html,15,30
Sona Accelerator & Incubation Foundation,Salem Tamil Nadu,https://www.startupindia.gov.in/content/sih/en/profile.Incubator.661f9a1de4b0cdd2e3da4932.html,0,0
Mayank Giri,Marmagao Goa,https://www.startupindia.gov.in/content/sih/en/profile.Incubator.661e5a4ee4b0d62d662d3bb7.html,11,12
Rohilkhand Incubation Foundation,Bareilly Uttar Pradesh,https://www.startupindia.gov.in/content/sih/en/profile.Incubator.661cf61ee4b0d62d662cf4f3.html,20,2
Atal Incubation Centre Manipur Technical University Innovation Foundation,Imphal West Manipur,https://www.startupindia.gov.in/content/sih/en/profile.Incubator.66177591e4b04e0505d87db9.html,11,15
NIT Warangal Innovation and Entrepreneurship Foundation,Warangal Urban Telangana,https://www.startupindia.gov.in/content/sih/en/profile.Incubator.6613f571e4b018edf02b7d0e.html,9,2
Ganesan Incubation and Entrepreneurship Centre,Kanchipuram Tamil Nadu,https://www.startupindia.gov.in/content/sih/en/profile.Incubator.660e754ce4b0cba5bc1744ac.html,26,2
Andhra University Incubation Council,Visakhapatnam Andhra Pradesh,https://www.startupindia.gov.in/content/sih/en/profile.Incubator.660e6358e4b0cba5bc173ed9.html,0,0
Janami Foundation,Allahabad Uttar Pradesh,https://www.startupindia.gov.in/content/sih/en/profile.Incubator.660cffa0e4b0a8ab92850b5a.html,10,3
Carmel Incubator Foundation,Bengaluru Urban Karnataka,https://www.startupindia.gov.in/content/sih/en/profile.Incubator.660bc21de4b0f23ce5eabb95.html,0,0
Kalpataru CoE,Visakhapatnam Andhra Pradesh,https://www.startupindia.gov.in/content/sih/en/profile.Incubator.660bb614e4b0f23ce5eab7ee.html,0,0
Software Technology Parks of India Dehradun,Dehradun Uttarakhand,https://www.startupindia.gov.in/content/sih/en/profile.Incubator.65f8072be4b0b579ad3dca3e.html,16,30
TIH Foundation for IoT and IoE,Mumbai Maharashtra,https://www.startupindia.gov.in/content/sih/en/profile.Incubator.65f69984e4b0661508f55a86.html,35,15
TIH-IoT,Mumbai Maharashtra,https://www.startupindia.gov.in/content/sih/en/profile.Incubator.65f698ffe4b0661508f55a5d.html,35,250
GU-TBI,Phagwara Punjab,https://www.startupindia.gov.in/content/sih/en/profile.Incubator.65f59aa3e4b0661508f535d2.html,6,4
Rohan Borgalli,Mumbai Maharashtra,https://www.startupindia.gov.in/content/sih/en/profile.Incubator.65f5614de4b0661508f51f2b.html,0,0
Buddha Institute,South West Delhi Delhi,https://www.startupindia.gov.in/content/sih/en/profile.Incubator.65f2ade3e4b023ec3d75d314.html,41,24
AIC SELCO Foundation,Guwahati Assam,https://www.startupindia.gov.in/content/sih/en/profile.Incubator.65f2a1c9e4b023ec3d75cdbc.html,63,10
Sri Venkateswara University,Tirupati Andhra Pradesh,https://www.startupindia.gov.in/content/sih/en/profile.Incubator.65efb6c8e4b0e12444f7edc2.html,12,25
MSCBU Incubation Foundation,Baripada Town Odisha,https://www.startupindia.gov.in/content/sih/en/profile.Incubator.65ec9115e4b063fe21c7dae9.html,0,0
Chennai Institute Technology Business Incubation Forum,Kanchipuram Tamil Nadu,https://www.startupindia.gov.in/content/sih/en/profile.Incubator.65eaf0f4e4b063fe21c77177.html,26,18
Icco,Kamrup Assam,https://www.startupindia.gov.in/content/sih/en/profile.Incubator.65eabd1fe4b063fe21c75d4b.html,15,25
JCB Technology Business Incubator,Faridabad Haryana,https://www.startupindia.gov.in/content/sih/en/profile.Incubator.65e99189e4b063fe21c71b1b.html,5,5
SYED AMMAL INNOVATION AND INCUBATION COUNCIL,Ramanathapuram Tamil Nadu,https://www.startupindia.gov.in/content/sih/en/profile.Incubator.65e851f2e4b063fe21c6c7d0.html,0,0
SPU MANDI INNOVATION AND ENTREPRENEURSHIP FOUNDATION,Mandi Himachal Pradesh,https://www.startupindia.gov.in/content/sih/en/profile.Incubator.65e80191e4b063fe21c69d43.html,0,0
LVPEI Incubator,Hyderabad Telangana,https://www.startupindia.gov.in/content/sih/en/profile.Incubator.65e6a519e4b063fe21c62a30.html,0,0
Northeast Agriculture Technology Entrepreneurs Hub,Jorhat Assam,https://www.startupindia.gov.in/content/sih/en/profile.Incubator.65e033fae4b0a5e1c0127bd2.html,18,178
Nehru Group of Institutions Technology Business INcubator,Palakkad Kerala,https://www.startupindia.gov.in/content/sih/en/profile.Incubator.65df6ee9e4b0a5e1c0124112.html,72,10
Centre for Entrepreneurship,Nellore Andhra Pradesh,https://www.startupindia.gov.in/content/sih/en/profile.Incubator.65df0871e4b0a5e1c011fda3.html,0,0
Research Innovation & Startup Ecosystem,Malappuram Kerala,https://www.startupindia.gov.in/content/sih/en/profile.Incubator.65dc3fe7e4b06352cbf07908.html,0,0
SASTRA DEEMED TO BE UNIVERSITY,Thanjavur Tamil Nadu,https://www.startupindia.gov.in/content/sih/en/profile.Incubator.65d9c052e4b06352cbefd35b.html,120,22
NIT Raipur Foundation For Innovation and Entrepreneurship,Raipur Chhattisgarh,https://www.startupindia.gov.in/content/sih/en/profile.Incubator.65d892e7e4b06352cbef6f5e.html,15,2
CIIE IIT (ISM) DHANBAD FOUNDATION,Dhanbad Jharkhand,https://www.startupindia.gov.in/content/sih/en/profile.Incubator.65d5db54e4b0624ed99a38f7.html,25,12
AIC MIT ADT Incubator Forum,Pune Maharashtra,https://www.startupindia.gov.in/content/sih/en/profile.Incubator.65d5a625e4b0ca4eefcce493.html,25,2
Massive Earth Foundation,Gurugram Haryana,https://www.startupindia.gov.in/content/sih/en/profile.Incubator.65d1a418e4b00604b0ab4dd4.html,5,15
Foundation for Science Innovation and Development,Bengaluru Urban Karnataka,https://www.startupindia.gov.in/content/sih/en/profile.Incubator.65cc82bee4b0da2d9424c1c3.html,0,0
Shri Mahalaxmi Shikshan Sansthan,Jodhpur Rajasthan,https://www.startupindia.gov.in/content/sih/en/profile.Incubator.65cc79f7e4b0da2d9424b9f6.html,10,2
Nattraja Incubation Forum,Namakkal Tamil Nadu,https://www.startupindia.gov.in/content/sih/en/profile.Incubator.65cc75f6e4b0da2d9424b78c.html,6,4
SUK Research and Development Foundation,Kolhapur Maharashtra,https://www.startupindia.gov.in/content/sih/en/profile.Incubator.65cc5eabe4b0da2d9424a944.html,0,0
APIARY - A Centre of Entrepreneurship in Blockchain Technology,Gurugram Haryana,https://www.startupindia.gov.in/content/sih/en/profile.Incubator.65c9afcae4b06b4534b639ee.html,0,0
CGC-J Technology Business Incubator Association,Sahibzada Ajit Singh Nagar Punjab,https://www.startupindia.gov.in/content/sih/en/profile.Incubator.65c867c5e4b06b4534b5fd32.html,0,0
Remarkable Education Private Limited,Jodhpur Rajasthan,https://www.startupindia.gov.in/content/sih/en/profile.Incubator.65c4bf60e4b0d4fa450111f2.html,18,7
MREC-Business Incubation Centre,Medchal Malkajgiri Telangana,https://www.startupindia.gov.in/content/sih/en/profile.Incubator.65c4a310e4b0d4fa4500fdac.html,0,0
Mizoram University BioNEST,Aizawl Mizoram,https://www.startupindia.gov.in/content/sih/en/profile.Incubator.65c32cb9e4b0d4fa450068e7.html,15,2
Tholons Knowledge Management Pvt Ltd,Bengaluru Karnataka,https://www.startupindia.gov.in/content/sih/en/profile.Incubator.65c22734e4b0d4fa450026fd.html,108,30
Bundelkhand University Active Start Up and Incubation Council,Jhansi Uttar Pradesh,https://www.startupindia.gov.in/content/sih/en/profile.Incubator.65b7886ce4b0db6d377f4f3d.html,11,1
Navrachna Foundation for Entrepreneurship Development,Gautam Buddha Nagar Uttar Pradesh,https://www.startupindia.gov.in/content/sih/en/profile.Incubator.65b0a3a8e4b0dfd7729664a2.html,18,7
REVA Aspiring youth foundation,Bengaluru Karnataka,https://www.startupindia.gov.in/content/sih/en/profile.Incubator.659ce780e4b0936b49aa6fb1.html,0,0
SSN Incubation Foundation,Chennai Tamil Nadu,https://www.startupindia.gov.in/content/sih/en/profile.Incubator.65964367e4b02fed18d2a493.html,0,0
Student Incubation Cell,South Delhi Delhi,https://www.startupindia.gov.in/content/sih/en/profile.Incubator.658d1f35e4b02fed18d07f70.html,13,2
Chhatrapati Shahu Ji Maharaj Innovation Foundation,Kanpur Nagar Uttar Pradesh,https://www.startupindia.gov.in/content/sih/en/profile.Incubator.6586c341e4b079c35103788d.html,39,3
PSIT Startup And Incubation Foundation,Kanpur Nagar Uttar Pradesh,https://www.startupindia.gov.in/content/sih/en/profile.Incubator.65802bb1e4b080816095c1f8.html,17,4
VGU TBI Foundation,Jaipur Rajasthan,https://www.startupindia.gov.in/content/sih/en/profile.Incubator.657fdafde4b0808160959694.html,65,9
WASH Innovation Hub,Hyderabad Telangana,https://www.startupindia.gov.in/content/sih/en/profile.Incubator.65784308e4b0b08e4574de0f.html,100,72
Vel Tech Technology Incubator,Tiruvallur Tamil Nadu,https://www.startupindia.gov.in/content/sih/en/profile.Incubator.657806f8e4b0b08e4574c38a.html,325,90
MUIT Incubation and Innovation Foundation (MIIF),Lucknow Uttar Pradesh,https://www.startupindia.gov.in/content/sih/en/profile.Incubator.6573010ae4b0b08e457392e4.html,29,5
CU TBI,Mohali Punjab,https://www.startupindia.gov.in/content/sih/en/profile.Incubator.657086a4e4b0b08e4572f4bf.html,140,40
Federation of Asian Biotech Associations,Hyderabad Telangana,https://www.startupindia.gov.in/content/sih/en/profile.Incubator.656b457ce4b0435f68e9e8a1.html,5,5
Dr Anamika Dey,Ahmedabad Gujarat,https://www.startupindia.gov.in/content/sih/en/profile.Incubator.656a932fe4b0435f68e9be78.html,12,8
Rathinam Business Park,Coimbatore Tamil Nadu,https://www.startupindia.gov.in/content/sih/en/profile.Incubator.65686ef8e4b083bab566ca5d.html,35,4
EDUCENTRE SCHOOL OF BUSINESS,Dimapur Nagaland,https://www.startupindia.gov.in/content/sih/en/profile.Incubator.6566dbaae4b0fa048bfff5eb.html,25,6
AIC-CVRAMAN COLLEGE OF ENGINEERING FOUNDATION,Bhubaneswar Odisha,https://www.startupindia.gov.in/content/sih/en/profile.Incubator.6561c3e5e4b0bd7e186bec84.html,15,27
Paavai Incubation Center,Namakkal Tamil Nadu,https://www.startupindia.gov.in/content/sih/en/profile.Incubator.656090cee4b0bd7e186ba88b.html,24,55
Startups Valley TBI,Kottayam Kerala,https://www.startupindia.gov.in/content/sih/en/profile.Incubator.6560701ae4b095c423fd9ddf.html,38,30
ICCW,Chennai Tamil Nadu,https://www.startupindia.gov.in/content/sih/en/profile.Incubator.65602db2e4b0301c25c2d92f.html,15,12
Anurag Vibhuti,East Delhi Delhi,https://www.startupindia.gov.in/content/sih/en/profile.Incubator.655f3c23e4b0301c25c2bbde.html,96,27
Xavier Council of Innovation,Bhubaneswar Odisha,https://www.startupindia.gov.in/content/sih/en/profile.Incubator.655f35c4e4b0301c25c2b94d.html,3,1
Charusat Innovative Ventures Foundation,Anand Gujarat,https://www.startupindia.gov.in/content/sih/en/profile.Incubator.655f181ee4b0301c25c2ad82.html,105,25
Sahrdaya TBII Hub,Thrissur Kerala,https://www.startupindia.gov.in/content/sih/en/profile.Incubator.655f04d2e4b0301c25c2a509.html,16,6
UDDYAM PAHSUI FOUNDATION,Solapur Maharashtra,https://www.startupindia.gov.in/content/sih/en/profile.Incubator.655ef86fe4b0301c25c29ffd.html,0,0
Nutan Incubation Centre (NIC),Talegaon Dabhade Maharashtra,https://www.startupindia.gov.in/content/sih/en/profile.Incubator.655ef080e4b0301c25c29c42.html,0,0
V Hub Innovation Centre,Tirupati Andhra Pradesh,https://www.startupindia.gov.in/content/sih/en/profile.Incubator.655ee31de4b0301c25c296f3.html,0,0
NSUT IIF,South West Delhi Delhi,https://www.startupindia.gov.in/content/sih/en/profile.Incubator.655dc7bee4b0eb76656a8f33.html,26,12
VITAP TBI FOUNDATION,Guntur Andhra Pradesh,https://www.startupindia.gov.in/content/sih/en/profile.Incubator.65572f7fe4b0eb7665695fc0.html,0,0
Foundation for Innovation and Technology Transfer IIT Delhi,South Delhi Delhi,https://www.startupindia.gov.in/content/sih/en/profile.Incubator.65546c27e4b0eb766568ff95.html,83,100
ACIC Mar Ephraem Incubation Forum,Kanyakumari Tamil Nadu,https://www.startupindia.gov.in/content/sih/en/profile.Incubator.654df7b3e4b0da30fcfaa929.html,44,21
AIC Pinnacle Entrepreneurship Forum,Pune Maharashtra,https://www.startupindia.gov.in/content/sih/en/profile.Incubator.654ca40ee4b0da30fcfa6f12.html,73,26
Antrapreneur-the Business Incubator,Ahmedabad Gujarat,https://www.startupindia.gov.in/content/sih/en/profile.Incubator.64f5ce48e4b02bcc4a00ddd6.html,0,0
S V Innovation Foundation,Kadi Gujarat,https://www.startupindia.gov.in/content/sih/en/profile.Incubator.64cb8bb2e4b0c4486e8a480f.html,12,12
Foundation for Innovation and Technology Transfer,South Delhi Delhi,https://www.startupindia.gov.in/content/sih/en/profile.Incubator.64cb4f4ce4b0c4486e8a3594.html,65,61
DPSRU Innovation and Incubation Foundation,South Delhi Delhi,https://www.startupindia.gov.in/content/sih/en/profile.Incubator.64ca087fe4b0c4486e89ee58.html,9,16
BITS BioCyTiH Foundation,Marmagao Goa,https://www.startupindia.gov.in/content/sih/en/profile.Incubator.64c9ee15e4b0c4486e89d8a7.html,23,1
Krishna Educational Foundation,Vadodara Gujarat,https://www.startupindia.gov.in/content/sih/en/profile.Incubator.64c891ece4b0c4486e898fe0.html,35,5
Suyash Tripathi,Chennai Tamil Nadu,https://www.startupindia.gov.in/content/sih/en/profile.Incubator.64c3931ce4b0c4486e88e724.html,0,0
HBTU,Kanpur Nagar Uttar Pradesh,https://www.startupindia.gov.in/content/sih/en/profile.Incubator.64be4180e4b0c4486e87fa22.html,0,0
TIH-IoT,Mumbai Maharashtra,https://www.startupindia.gov.in/content/sih/en/profile.Incubator.64b79930e4b0c4486e86d74d.html,18,3
KR Mangalam Entrepreneurship and Incubation Center,Sohna Haryana,https://www.startupindia.gov.in/content/sih/en/profile.Incubator.64afc6cae4b0ca7b139a50a3.html,7,1
SPMVV-Women Biotech Incubation Facility SSIIE,Tirupati Andhra Pradesh,https://www.startupindia.gov.in/content/sih/en/profile.Incubator.649e8606e4b0a5524e7b8fbc.html,9,47
Technology Innovation Foundation of IIT Palakkad,Palakkad Kerala,https://www.startupindia.gov.in/content/sih/en/profile.Incubator.6493e29ae4b0a9bff5ca6ae1.html,8,2
ARAI Advance Mobility Transformation and Innovation Foundation AMTIF,Pune Maharashtra,https://www.startupindia.gov.in/content/sih/en/profile.Incubator.648adb12e4b0a9bff5c84c07.html,0,0
SOA-CII,Bhubaneswar Odisha,https://www.startupindia.gov.in/content/sih/en/profile.Incubator.6482fc95e4b0ac8d4b2ffd35.html,5,16
Tagore Centre for Green Technology Business Incubation,Howrah West Bengal,https://www.startupindia.gov.in/content/sih/en/profile.Incubator.647f1266e4b0349752872352.html,14,12
SGBAU Research and Incubation Foundation,Amravati Maharashtra,https://www.startupindia.gov.in/content/sih/en/profile.Incubator.647de48ce4b034975286a29c.html,18,2
A Hub,Visakhapatnam Andhra Pradesh,https://www.startupindia.gov.in/content/sih/en/profile.Incubator.647d9ec6e4b0349752866880.html,40,10
JNTUH TBI,Hyderabad Telangana,https://www.startupindia.gov.in/content/sih/en/profile.Incubator.64748731e4b0d597a0303da8.html,12,12
SDAU Rural Business Incubation Centre,Palanpur Gujarat,https://www.startupindia.gov.in/content/sih/en/profile.Incubator.64688aa8e4b025c671458852.html,0,0
Incubation and Innovation Foundation VBS Purvanchal University,Jaunpur Uttar Pradesh,https://www.startupindia.gov.in/content/sih/en/profile.Incubator.64650c7fe4b025c67144ccaa.html,0,0
IVRI Pashu Vigyan Incubator,Bareilly Uttar Pradesh,https://www.startupindia.gov.in/content/sih/en/profile.Incubator.645e0b88e4b037e48cd96f68.html,0,0
STPINext OctaNE CoE, Uttar Pradesh,https://www.startupindia.gov.in/content/sih/en/profile.Incubator.6452142ee4b0af7362ca5cd8.html,0,0
Innoscale Global Foundation,Gorakhpur Uttar Pradesh,https://www.startupindia.gov.in/content/sih/en/profile.Incubator.644b6d0fe4b04d6c194a9c42.html,40,20
International Automobile Centre of Excellence,Gandhinagar Gujarat,https://www.startupindia.gov.in/content/sih/en/profile.Incubator.6440e646e4b00774939c7aae.html,0,0
Incubein Foundation,Nagpur Maharashtra,https://www.startupindia.gov.in/content/sih/en/profile.Incubator.643fa18fe4b00774939981d1.html,0,0
IITI DRISHTI CPS FOUNDATION,Indore Madhya Pradesh,https://www.startupindia.gov.in/content/sih/en/profile.Incubator.643d1e97e4b06425b785d377.html,21,14
AIC INFED,Nagpur Maharashtra,https://www.startupindia.gov.in/content/sih/en/profile.Incubator.64339ca9e4b0e8a42abfb176.html,0,0
Bundelkhand University Active Start-Up Incubation Council (BASIC),Jhansi Uttar Pradesh,https://www.startupindia.gov.in/content/sih/en/profile.Incubator.64325f7de4b0e8a42abf6ea3.html,7,1
Sreenidhi ASCEND,Hyderabad Telangana,https://www.startupindia.gov.in/content/sih/en/profile.Incubator.642fe9621393bae4b371307d.html,0,0
CIMP Business Incubation & Innovation Foundation,Patna Bihar,https://www.startupindia.gov.in/content/sih/en/profile.Incubator.642fcac31393bae4b3713070.html,75,10
GL Bajaj Center for Research and Incubation,Gautam Buddha Nagar Uttar Pradesh,https://www.startupindia.gov.in/content/sih/en/profile.Incubator.642fca9f1393bae4b371306e.html,75,10
Sri Sairm Techno Incubator Foundation,Chennai Tamil Nadu,https://www.startupindia.gov.in/content/sih/en/profile.Incubator.642fca7a1393bae4b371306b.html,85,17
NetEdge Incublator,Noida Uttar Pradesh,https://www.startupindia.gov.in/content/sih/en/profile.Incubator.642fca4b1393bae4b3713067.html,11,21
Ekta Incubation Centre,Nadia West Bengal,https://www.startupindia.gov.in/content/sih/en/profile.Incubator.642fca2d1393bae4b3713061.html,23,11
Sand Tank Startup Foundation (Axis Colleges),Kanpur Uttar Pradesh,https://www.startupindia.gov.in/content/sih/en/profile.Incubator.642fc9561393bae4b371305d.html,0,0
BUNDELKHAND INNOVATION AND INCUBATION CENTER FOUNDATION,Jhansi Uttar Pradesh,https://www.startupindia.gov.in/content/sih/en/profile.Incubator.642fc93b1393bae4b3713058.html,0,0
ACIC-VGU Foundation,Jaipur Rajasthan,https://www.startupindia.gov.in/content/sih/en/profile.Incubator.642fc91a1393bae4b3713053.html,55,3
Startup Accelerator Chamber of Commerce,Mohali Punjab,https://www.startupindia.gov.in/content/sih/en/profile.Incubator.642fc5db1393bae4b371303c.html,250,150
Lemon Ideas Innovations Pvt Ltd,Nagpur Maharashtra,https://www.startupindia.gov.in/content/sih/en/profile.Incubator.642fc5821393bae4b3713031.html,10,45
AIC-IIITH Foundation,Hyderabad Telangana,https://www.startupindia.gov.in/content/sih/en/profile.Incubator.642fc2771393bae4b3713017.html,14,11
Grameena Incubation Center,Anakapalle Andhra Pradesh,https://www.startupindia.gov.in/content/sih/en/profile.Incubator.642fc13b1393bae4b3713003.html,9,4
Ideation Innovation & Incubation (I-3) Foundation,Varanasi Uttar Pradesh,https://www.startupindia.gov.in/content/sih/en/profile.Incubator.642fc09f1393bae4b3712ffc.html,0,0
Technology Business Incubator @ Kongu Engineering College,Erode Tamil Nadu,https://www.startupindia.gov.in/content/sih/en/profile.Incubator.642fc06d1393bae4b3712ffa.html,0,0
ACIC GIETU FOUNDATION,Rayagada Odisha,https://www.startupindia.gov.in/content/sih/en/profile.Incubator.642fbf36e4b03b5271299c19.html,0,0
NAVSANCHAR INCUBATION AND CENTER FOR ENTREPRENEURSHIP FOUNDATION RECABN,Ambedkar Nagar Uttar Pradesh,https://www.startupindia.gov.in/content/sih/en/profile.Incubator.642fbcf11393bae4b3712fe3.html,17,3
Kurativz Technologies And Consultation Private Limited,Noida Uttar Pradesh,https://www.startupindia.gov.in/content/sih/en/profile.Incubator.642fbc901393bae4b3712fdd.html,21,9
IIPH NIDHI TBI for Public Health Gandhinagar,Gandhinagar Gujarat,https://www.startupindia.gov.in/content/sih/en/profile.Incubator.642fbc221393bae4b3712fcd.html,40,14
Mizoram University BioNEST,Aizawl Mizoram,https://www.startupindia.gov.in/content/sih/en/profile.Incubator.642fbbfb1393bae4b3712fca.html,1,1
Sharda Launchpad Foundation,Gautam Buddha Nagar Uttar Pradesh,https://www.startupindia.gov.in/content/sih/en/profile.Incubator.642fb6ee13931a3ca2ef7243.html,25,28
Karunya Technology Business Incubation Park,Coimbatore Tamil Nadu,https://www.startupindia.gov.in/content/sih/en/profile.Incubator.642fb6be13931a3ca2ef7242.html,13,5
REVA NEST - TBI,Bengaluru Karnataka,https://www.startupindia.gov.in/content/sih/en/profile.Incubator.642fb68613931a3ca2ef723f.html,68,19
Rural Business Incubator,Almora Uttarakhand,https://www.startupindia.gov.in/content/sih/en/profile.Incubator.642fb50913931a3ca2ef7239.html,1600,500
The StepUp Ventures,Bengaluru Urban Karnataka,https://www.startupindia.gov.in/content/sih/en/profile.Incubator.642eefb11393b6c2dc4cc318.html,0,0
Bennett Hatchery,Gautam Buddha Nagar Uttar Pradesh,https://www.startupindia.gov.in/content/sih/en/profile.Incubator.642eef171393b6c2dc4cc308.html,50,20
Amrita TBI,Kollam Kerala,https://www.startupindia.gov.in/content/sih/en/profile.Incubator.642eef0c1393b6c2dc4cc307.html,269,186
IIT Mandi Catalyst,Mandi Himachal Pradesh,https://www.startupindia.gov.in/content/sih/en/profile.Incubator.642eee7b1393b6c2dc4cc301.html,509,200
AIC Mahindra e-Hub Foundation,Hyderabad Telangana,https://www.startupindia.gov.in/content/sih/en/profile.Incubator.642eee2c1393b6c2dc4cc300.html,7,5
SIDDHAM INNOVATION AND BUSINESS INCUBATION CENTRE,Kolhapur Maharashtra,https://www.startupindia.gov.in/content/sih/en/profile.Incubator.642eed771393b6c2dc4cc2ee.html,0,0
SPARK Incubation Centre,Sagar Madhya Pradesh,https://www.startupindia.gov.in/content/sih/en/profile.Incubator.642eed651393b6c2dc4cc2ea.html,30,30
EDII Anna Business Incubation Research Foundation,Tiruchirappalli Tamil Nadu,https://www.startupindia.gov.in/content/sih/en/profile.Incubator.642eeb581393b6c2dc4cc2cc.html,30,15
VEC Centre for Research & Innovation Foundation Vardhaman Educational Society,Hyderabad Telangana,https://www.startupindia.gov.in/content/sih/en/profile.Incubator.642eeb4e1393b6c2dc4cc2cb.html,23,9
SANDIP TBI,Nashik Maharashtra,https://www.startupindia.gov.in/content/sih/en/profile.Incubator.642ee7941393b6c2dc4cc29b.html,42,4
PERIYAR UNIVERSITY BUSINESS INCUBATION CONFEDERATION,Salem Tamil Nadu,https://www.startupindia.gov.in/content/sih/en/profile.Incubator.642ee7331393b6c2dc4cc292.html,32,5
Crest Innovations Foundation,New Delhi Delhi,https://www.startupindia.gov.in/content/sih/en/profile.Incubator.642edf6f1393b6c2dc4cc23c.html,15,500
IIMN Foundation for Entrepreneurship Development (InFED),Nagpur Maharashtra,https://www.startupindia.gov.in/content/sih/en/profile.Incubator.642ed7a01393b6c2dc4cc1f5.html,0,0
Pusa Krishi,New Delhi Delhi,https://www.startupindia.gov.in/content/sih/en/profile.Incubator.642ed5bc1393b6c2dc4cc1ea.html,100,150
AIC@36Inc,Raipur Chhattisgarh,https://www.startupindia.gov.in/content/sih/en/profile.Incubator.642ed37f1393b6c2dc4cc1da.html,127,18
Centre for Innovation Incubation and Business Modelling,Jammu Jammu and Kashmir,https://www.startupindia.gov.in/content/sih/en/profile.Incubator.642ecfd51393b6c2dc4cc19f.html,19,3
G H Raisoni Technology Business Incubator Foundation,Nagpur Maharashtra,https://www.startupindia.gov.in/content/sih/en/profile.Incubator.642ece3a1393b6c2dc4cc16e.html,0,0
AIC MAHAMANA FOUNDATION FOR INNOVATION AND ENTREPRENEURSHIP IM BHU,Varanasi Uttar Pradesh,https://www.startupindia.gov.in/content/sih/en/profile.Incubator.642ecd0b1393b6c2dc4cc15b.html,25,45
GNLU Legal Incubation Council,Ahmedabad Gujarat,https://www.startupindia.gov.in/content/sih/en/profile.Incubator.642ec8561393b6c2dc4cc13a.html,20,20
Centre for Entrepreneurship Development and Incubation (CEDI),Tiruchirappalli Tamil Nadu,https://www.startupindia.gov.in/content/sih/en/profile.Incubator.642ec6781393b6c2dc4cc098.html,0,0
IIM Kashipur Foundation for Innovation and Entrepreneurship Development,Kashipur Uttarakhand,https://www.startupindia.gov.in/content/sih/en/profile.Incubator.642ec37a1393b6c2dc4cc06c.html,78,73
ACIC RISE ASSOCIATION,Mohali Punjab,https://www.startupindia.gov.in/content/sih/en/profile.Incubator.642e4f93e4b017331e5f10e6.html,90,5
Yenepoya Technology Incubator,Mangaluru Karnataka,https://www.startupindia.gov.in/content/sih/en/profile.Incubator.642d6f5ae4b017331e5ee629.html,35,10
SSIIE-Technology Business Incubator,Tirupati Andhra Pradesh,https://www.startupindia.gov.in/content/sih/en/profile.Incubator.642d6366e4b017331e5ee13c.html,56,6
DBU TBI FOUNDATIONS,Fatehgarh Sahib Punjab,https://www.startupindia.gov.in/content/sih/en/profile.Incubator.642d41d9e4b017331e5ed122.html,0,0
NASSCOM COE IOT,Bengaluru Karnataka,https://www.startupindia.gov.in/content/sih/en/profile.Incubator.642d369be4b017331e5ecc27.html,61,113
ACIC - KL Startups Foundation,Guntur Andhra Pradesh,https://www.startupindia.gov.in/content/sih/en/profile.Incubator.642d3418e4b017331e5ecb1d.html,0,0
ANGRAU RKVY Agri Business Incubator,Tirupati Andhra Pradesh,https://www.startupindia.gov.in/content/sih/en/profile.Incubator.642d33a3e4b017331e5ecad7.html,56,16
NATIONAL DESIGN BUSINESS INCUBATOR - AHMEDABAD,Ahmedabad Gujarat,https://www.startupindia.gov.in/content/sih/en/profile.Incubator.642d0e76e4b017331e5eb48c.html,25,46
DAVV Incubation Centre,Indore Madhya Pradesh,https://www.startupindia.gov.in/content/sih/en/profile.Incubator.642c1116e4b017331e5e2bb2.html,22,2
Sobus Ventures Incubator,Bengaluru Karnataka,https://www.startupindia.gov.in/content/sih/en/profile.Incubator.642c0f73e4b017331e5e2988.html,0,0
AIC Nitte Incubation Centre,Udupi Karnataka,https://www.startupindia.gov.in/content/sih/en/profile.Incubator.642aaa63e4b017331e5d5a72.html,22,28
Karnavati Innovation and Incubation Foundation,Gandhinagar Gujarat,https://www.startupindia.gov.in/content/sih/en/profile.Incubator.642a9e14e4b017331e5d4d0c.html,58,9
BIT TBI,Erode Tamil Nadu,https://www.startupindia.gov.in/content/sih/en/profile.Incubator.642a4d5ce4b070b7ef2e02d7.html,43,42
IIT Guwahati TIDF BioNEST,Guwahati Assam,https://www.startupindia.gov.in/content/sih/en/profile.Incubator.6427d875e4b070b7ef2dd676.html,27,2
Innovation Mission Punjab,Sahibzada Ajit Singh Nagar Punjab,https://www.startupindia.gov.in/content/sih/en/profile.Incubator.642530eae4b070b7ef2cf42e.html,0,0
Centre for Incubation,Kolkata West Bengal,https://www.startupindia.gov.in/content/sih/en/profile.Incubator.6424549de4b070b7ef2cae74.html,10,5
MOTION CoE,Pune Maharashtra,https://www.startupindia.gov.in/content/sih/en/profile.Incubator.6423fc9ee4b070b7ef2c93a5.html,28,3
SGSITS Incubation Forum,Indore Madhya Pradesh,https://www.startupindia.gov.in/content/sih/en/profile.Incubator.6423eaf8e4b070b7ef2c8d06.html,26,4
WeAiD - Incubator for Women Startps,Hyderabad Telangana,https://www.startupindia.gov.in/content/sih/en/profile.Incubator.6423e465e4b070b7ef2c89e2.html,12,4
NETRARIT Foundation,Sangli Maharashtra,https://www.startupindia.gov.in/content/sih/en/profile.Incubator.6423e2f0e4b070b7ef2c894d.html,36,7
Rise Jhansi Incubation Center,Jhansi Uttar Pradesh,https://www.startupindia.gov.in/content/sih/en/profile.Incubator.6422e23ce4b070b7ef2c65af.html,0,0
Vel Tech Technology Business Incubator,Tiruvallur Tamil Nadu,https://www.startupindia.gov.in/content/sih/en/profile.Incubator.64229beae4b070b7ef2c4a52.html,45,120
FOUNDATION FOR CfHE,Sangareddy Telangana,https://www.startupindia.gov.in/content/sih/en/profile.Incubator.64228838e4b070b7ef2c4230.html,39,43
Digvijay Singh,Ahmedabad Gujarat,https://www.startupindia.gov.in/content/sih/en/profile.Incubator.642140bbe4b070b7ef2c025a.html,450,70
Jain University Incubation Centre,Bengaluru Karnataka,https://www.startupindia.gov.in/content/sih/en/profile.Incubator.64213ec1e4b070b7ef2c0136.html,0,0
WISE SNDTWU Incubation Centre,Mumbai Maharashtra,https://www.startupindia.gov.in/content/sih/en/profile.Incubator.642130e0e4b070b7ef2bf6f1.html,0,0
UASB AIC,Bengaluru Urban Karnataka,https://www.startupindia.gov.in/content/sih/en/profile.Incubator.64212dc6e4b070b7ef2bf562.html,20,4
Centre for Advancing and Launching Enterprises,Gandhinagar Gujarat,https://www.startupindia.gov.in/content/sih/en/profile.Incubator.641f3962e4b070b7ef2ba810.html,110,40
Dr Prashant Khande,Pune Maharashtra,https://www.startupindia.gov.in/content/sih/en/profile.Incubator.641eee0be4b070b7ef2b92af.html,0,0
AIC Pinnacle Entrepreneurship Forum,Pune Maharashtra,https://www.startupindia.gov.in/content/sih/en/profile.Incubator.641ee1e4e4b070b7ef2b8de7.html,37,13
CCS NIAM Agri Business Incubator,Jaipur Rajasthan,https://www.startupindia.gov.in/content/sih/en/profile.Incubator.641ee095e4b070b7ef2b8d54.html,211,73
AIC-PONDICHERRY ENGINEERING COLLEGE FOUNDATION,Pondicherry Puducherry,https://www.startupindia.gov.in/content/sih/en/profile.Incubator.641eceaae4b070b7ef2b8575.html,62,12
B Nest Foundation,Bhopal Madhya Pradesh,https://www.startupindia.gov.in/content/sih/en/profile.Incubator.641ec2dce4b070b7ef2b80a9.html,60,87
AIC ADT BARAMATI FOUNDATION,Baramati Maharashtra,https://www.startupindia.gov.in/content/sih/en/profile.Incubator.641eadc8e4b070b7ef2b7689.html,12,25
BioNEST-BHU InnoResTech Foundation,Varanasi Uttar Pradesh,https://www.startupindia.gov.in/content/sih/en/profile.Incubator.641ea4c3e4b070b7ef2b70bf.html,7,2
AIC SMU TECHNOLOGY BUSINESS INCUBATION FOUNDATION,Namchi Sikkim,https://www.startupindia.gov.in/content/sih/en/profile.Incubator.641e8fd9e4b070b7ef2b5989.html,75,18
AICNIFTTEA Incubation Centre for Textiles and Apparels,Tiruppur Tamil Nadu,https://www.startupindia.gov.in/content/sih/en/profile.Incubator.641e8affe4b070b7ef2b571a.html,101,23
SSCBS Innovation and Incubation Foundation,North West Delhi Delhi,https://www.startupindia.gov.in/content/sih/en/profile.Incubator.641e0103e4b070b7ef2b39f7.html,0,0
Security and Scientific Technical Research Association,Gandhinagar Gujarat,https://www.startupindia.gov.in/content/sih/en/profile.Incubator.641df5f8e4b070b7ef2b3719.html,5,4
ThinkTrans Foundation,Solapur Maharashtra,https://www.startupindia.gov.in/content/sih/en/profile.Incubator.641def6ee4b070b7ef2b35ed.html,0,0
MedTech Centre of Entrepreneurship,Lucknow Uttar Pradesh,https://www.startupindia.gov.in/content/sih/en/profile.Incubator.641d9ed3e4b070b7ef2b1775.html,0,0
Institute for Industrial Development under the aegis of M/s Samadhan Samiti,Lucknow Uttar Pradesh,https://www.startupindia.gov.in/content/sih/en/profile.Incubator.641d95e9e4b070b7ef2b120d.html,6,19
Bala Vikasa Center for Social and Responsible Business,Hyderabad Telangana,https://www.startupindia.gov.in/content/sih/en/profile.Incubator.641d8ef8e4b070b7ef2b0d29.html,7,32
Electropreneur Park,South Delhi Delhi,https://www.startupindia.gov.in/content/sih/en/profile.Incubator.641d7c97e4b070b7ef2affd7.html,9,48
RISE Foundation IISER,Kolkata West Bengal,https://www.startupindia.gov.in/content/sih/en/profile.Incubator.641d767ae4b070b7ef2afb10.html,0,0
APIARY,Gurugram Haryana,https://www.startupindia.gov.in/content/sih/en/profile.Incubator.641d71b7e4b070b7ef2af767.html,0,0
CHAMBER OF INDIAN MICRO SMALL AND MEDIUM ENTERPRISES,Central Delhi Delhi,https://www.startupindia.gov.in/content/sih/en/profile.Incubator.641d711be4b070b7ef2af6e4.html,25,5
MUTBI,Udupi Karnataka,https://www.startupindia.gov.in/content/sih/en/profile.Incubator.641d6eb7e4b070b7ef2af506.html,12,22
OctaNE CoE,Guwahati Assam,https://www.startupindia.gov.in/content/sih/en/profile.Incubator.641d4821e4b070b7ef2addeb.html,0,0
Shantanu Patil,Kanchipuram Tamil Nadu,https://www.startupindia.gov.in/content/sih/en/profile.Incubator.641d42bbe4b070b7ef2adb05.html,20,8
Research and Innovation Circle of Hyderabad,Hyderabad Telangana,https://www.startupindia.gov.in/content/sih/en/profile.Incubator.641c6c37e4b070b7ef2aa0b3.html,18,18
CIET-TBI,Coimbatore Tamil Nadu,https://www.startupindia.gov.in/content/sih/en/profile.Incubator.641c5293e4b070b7ef2a9c55.html,10,15
Startup Incubation & Innovation Foundation UPTTI Kanpur,Kanpur Nagar Uttar Pradesh,https://www.startupindia.gov.in/content/sih/en/profile.Incubator.641c19e4e4b070b7ef2a8b79.html,0,0
Nashik Engineering Cluster,Nashik Maharashtra,https://www.startupindia.gov.in/content/sih/en/profile.Incubator.641c0087e4b070b7ef2a8287.html,15,4
JSSATE STEP BANGALORE,Bengaluru Karnataka,https://www.startupindia.gov.in/content/sih/en/profile.Incubator.641bf986e4b070b7ef2a7f57.html,0,0
Agri Business Incubation Foundation IIT Kharagpur,Kharagpur West Bengal,https://www.startupindia.gov.in/content/sih/en/profile.Incubator.641af724e4b070b7ef2a5e8b.html,0,0
AIC SMU TECHNOLOGY BUSINESS INCUBATION FOUNDATION,Gangtok Sikkim,https://www.startupindia.gov.in/content/sih/en/profile.Incubator.641aec81e4b070b7ef2a5b50.html,74,18
Chitkara innovation incubator foundation,Rajpura Punjab,https://www.startupindia.gov.in/content/sih/en/profile.Incubator.641ac5cae4b070b7ef2a4e11.html,56,88
AIC-JKLU (Atal Incubation Center-JK Lakshmipat University),Jaipur Rajasthan,https://www.startupindia.gov.in/content/sih/en/profile.Incubator.641ac1f7e4b070b7ef2a4c9d.html,60,15
BioNEST @ CSIR-IITR,Lucknow Uttar Pradesh,https://www.startupindia.gov.in/content/sih/en/profile.Incubator.641ac158e4b070b7ef2a4c65.html,15,6
YouthNet Incubation Centre,Dimapur Nagaland,https://www.startupindia.gov.in/content/sih/en/profile.Incubator.641ac0bce4b070b7ef2a4c3a.html,100,30
Electropreneur Park Bhubaneswar,Bhubaneswar Odisha,https://www.startupindia.gov.in/content/sih/en/profile.Incubator.641ab286e4b070b7ef2a481a.html,19,1
DBT_ILS Bioincubator,Bhubaneswar Odisha,https://www.startupindia.gov.in/content/sih/en/profile.Incubator.641aa321e4b070b7ef2a42fc.html,28,7
AIC-Great lakes Balachandran Incubator,Chennai Tamil Nadu,https://www.startupindia.gov.in/content/sih/en/profile.Incubator.641a8b9fe4b070b7ef2a3b52.html,21,21
SPARKLE,Mathura Uttar Pradesh,https://www.startupindia.gov.in/content/sih/en/profile.Incubator.64199080e4b070b7ef2a20e5.html,11,10
Dr Chandrashekhar Talathi,Pune Maharashtra,https://www.startupindia.gov.in/content/sih/en/profile.Incubator.64198bf2e4b070b7ef2a1f49.html,39,5
CIBA,South Goa Goa,https://www.startupindia.gov.in/content/sih/en/profile.Incubator.64195f2ae4b070b7ef2a0d2c.html,16,56
MaDeIT Innovation Foundation,Chennai Tamil Nadu,https://www.startupindia.gov.in/content/sih/en/profile.Incubator.641889fae4b070b7ef29ed58.html,21,35
Gujarat Student startups and innovation hub (i-hub),Ahmedabad Gujarat,https://www.startupindia.gov.in/content/sih/en/profile.Incubator.64184bd8e4b070b7ef29e0f4.html,455,200
INURTURE INCUBATION FOUNDATION,Ghaziabad Uttar Pradesh,https://www.startupindia.gov.in/content/sih/en/profile.Incubator.64183c6ee4b070b7ef29dbef.html,14,6
PDEU Innovation and Incubation Centre,Gandhinagar Gujarat,https://www.startupindia.gov.in/content/sih/en/profile.Incubator.64181079e4b070b7ef29cac5.html,160,70
Vignan TBI,Guntur Andhra Pradesh,https://www.startupindia.gov.in/content/sih/en/profile.Incubator.64176096e4b070b7ef29ad0c.html,9,15
IPU Innovation & Incubation Foundation,South West Delhi Delhi,https://www.startupindia.gov.in/content/sih/en/profile.Incubator.6416c37ee4b070b7ef299448.html,0,0
Dr Ram Ghatak,South Delhi Delhi,https://www.startupindia.gov.in/content/sih/en/profile.Incubator.64158eb9e4b070b7ef295641.html,76,41
Marathwada Accelerator for Growth and Incubation Council,Aurangabad Maharashtra,https://www.startupindia.gov.in/content/sih/en/profile.Incubator.6415792ce4b070b7ef294c51.html,56,13
Vignan TBI,Guntur Andhra Pradesh,https://www.startupindia.gov.in/content/sih/en/profile.Incubator.64154296e4b070b7ef2932b8.html,60,30
Navotthan Startup Foundation,Kannauj Uttar Pradesh,https://www.startupindia.gov.in/content/sih/en/profile.Incubator.6414c629e4b070b7ef291b34.html,0,0
Sharda Launchpad Federation,Noida Uttar Pradesh,https://www.startupindia.gov.in/content/sih/en/profile.Incubator.64149863e4b070b7ef291018.html,72,30
Shobhit University,Meerut Uttar Pradesh,https://www.startupindia.gov.in/content/sih/en/profile.Incubator.64148b8fe4b070b7ef290c51.html,0,0
Udhmodya Foundation,Delhi Delhi,https://www.startupindia.gov.in/content/sih/en/profile.Incubator.6414536ee4b070b7ef28f9be.html,0,0
ACIC-Audisankara Innovation and Incubation centre,Gudur Andhra Pradesh,https://www.startupindia.gov.in/content/sih/en/profile.Incubator.64140071e4b070b7ef28cc2f.html,13,2
AIC Banasthali Vidyapith Foundation,Tonk Rajasthan,https://www.startupindia.gov.in/content/sih/en/profile.Incubator.6413fa27e4b070b7ef28c86e.html,30,100
AIC - SKU Confederation,Anantapur Andhra Pradesh,https://www.startupindia.gov.in/content/sih/en/profile.Incubator.64133ddee4b070b7ef28935e.html,37,11
KIIC,Kozhikode Kerala,https://www.startupindia.gov.in/content/sih/en/profile.Incubator.641336fce4b070b7ef2891e4.html,0,0
ASSOCIATION FOR HARNESSING INNOVATION AND ENTREPRENEURSHIP,Surat Gujarat,https://www.startupindia.gov.in/content/sih/en/profile.Incubator.6412bfdae4b070b7ef284e65.html,10,33
AIC-AMTZ MEDIVALLEY INCUBATION COUNCIL,Visakhapatnam Andhra Pradesh,https://www.startupindia.gov.in/content/sih/en/profile.Incubator.6412b5dee4b070b7ef284867.html,14,30
AIC BV Foundation,Patna Bihar,https://www.startupindia.gov.in/content/sih/en/profile.Incubator.6412af3de4b070b7ef2845e6.html,48,9
JISIC Foundation,Tiruvallur Tamil Nadu,https://www.startupindia.gov.in/content/sih/en/profile.Incubator.6412acd5e4b070b7ef2844be.html,0,0
Dr Praveen Kumar CEO FIST IIT Patna,Patna Bihar,https://www.startupindia.gov.in/content/sih/en/profile.Incubator.6411af59e4b070b7ef2809e7.html,0,0
Meraj Faheem,Hyderabad Telangana,https://www.startupindia.gov.in/content/sih/en/profile.Incubator.6411aca5e4b070b7ef2808d2.html,100,150
Medicaps Innovation and Incubation Foundation,Indore Madhya Pradesh,https://www.startupindia.gov.in/content/sih/en/profile.Incubator.6411a71be4b070b7ef2806a5.html,6,3
Sathyabama Technology Business Incubator,Chennai Tamil Nadu,https://www.startupindia.gov.in/content/sih/en/profile.Incubator.64118b78e4b05275a6b586e9.html,57,30
BIONEST-IASST (ISVEC),Guwahati Assam,https://www.startupindia.gov.in/content/sih/en/profile.Incubator.641189c1e4b05275a6b5864b.html,0,0
AIC Jyothy Institute of Technology Foundation,Bengaluru Urban Karnataka,https://www.startupindia.gov.in/content/sih/en/profile.Incubator.64118800e4b05275a6b5858b.html,50,18
Entrepreneurship Promotion and Incubation Council,Ambala Haryana,https://www.startupindia.gov.in/content/sih/en/profile.Incubator.64118791e4b05275a6b58578.html,27,15
AITH Incubation and Startup Foundation,Kanpur Nagar Uttar Pradesh,https://www.startupindia.gov.in/content/sih/en/profile.Incubator.64116f6de4b05275a6b57a98.html,0,0
Mizone,Kannur Kerala,https://www.startupindia.gov.in/content/sih/en/profile.Incubator.64116d55e4b05275a6b579c5.html,61,22
BSSS Incubation Centre,Bhopal Madhya Pradesh,https://www.startupindia.gov.in/content/sih/en/profile.Incubator.64116585e4b05275a6b5762b.html,13,13
Presidency Launch Pad Association,Bengaluru Rural Karnataka,https://www.startupindia.gov.in/content/sih/en/profile.Incubator.641146e6e4b05275a6b56a8f.html,0,0
Startify,Chennai Tamil Nadu,https://www.startupindia.gov.in/content/sih/en/profile.Incubator.6410f93be4b05275a6b5668a.html,4,4
CIED IUST Foundation,Pulwama Jammu and Kashmir,https://www.startupindia.gov.in/content/sih/en/profile.Incubator.6410111fe4b05275a6b533cc.html,15,2
TCE Technology Business Incubator,Madurai Tamil Nadu,https://www.startupindia.gov.in/content/sih/en/profile.Incubator.640fed79e4b05275a6b52972.html,14,18
Crescent Innovation and Incubation Council,Chennai Tamil Nadu,https://www.startupindia.gov.in/content/sih/en/profile.Incubator.640eec92e4b05275a6b4e81a.html,0,0
Parul Innovation and Entrepreneurship Research Center,Vadodara Gujarat,https://www.startupindia.gov.in/content/sih/en/profile.Incubator.640ed8afe4b05275a6b4de79.html,180,63
ASPIRE University of Hyderabad,Hyderabad Telangana,https://www.startupindia.gov.in/content/sih/en/profile.Incubator.640ecbc9e4b05275a6b4d7ce.html,60,20
Biopharma Incubation Center NIPER Ahmedabad,Gandhinagar Gujarat,https://www.startupindia.gov.in/content/sih/en/profile.Incubator.640ea430e4b05275a6b4c700.html,0,0
Women Innovation and Entrepreneurship Foundation,Gautam Buddha Nagar Uttar Pradesh,https://www.startupindia.gov.in/content/sih/en/profile.Incubator.640df3e8e4b05275a6b4a443.html,0,0
ACIC SGTU,Gurugram Haryana,https://www.startupindia.gov.in/content/sih/en/profile.Incubator.640c04e0e4b05275a6b3bf33.html,0,0
IIMV Foundation for Incubation Entrepreneurial Learning and Development,Visakhapatnam Andhra Pradesh,https://www.startupindia.gov.in/content/sih/en/profile.Incubator.640b1489e4b05275a6b38a66.html,92,52
BBB RCB Faridabad,Faridabad Haryana,https://www.startupindia.gov.in/content/sih/en/profile.Incubator.640acce6e4b05275a6b36ea0.html,23,10
Catalyst for Women Entrepreneurship,Bengaluru Karnataka,https://www.startupindia.gov.in/content/sih/en/profile.Incubator.64069c50e4b05275a6b2d7e7.html,4500,2763
Chandigarh University Technology Business Incubator,Mohali Punjab,https://www.startupindia.gov.in/content/sih/en/profile.Incubator.6405be64e4b05275a6b2aed9.html,146,28
CIPET CTEF INNOVEX,Bhubaneswar Odisha,https://www.startupindia.gov.in/content/sih/en/profile.Incubator.6405821ee4b05275a6b29239.html,11,1
IICE (Innovation & Incubation Centre for Entrepreneurship) BMU Surat,Navi Mumbai Maharashtra,https://www.startupindia.gov.in/content/sih/en/profile.Incubator.64033440e4b05275a6b1d089.html,0,0
Baba Farid School of Entrepreneurship,Bathinda Punjab,https://www.startupindia.gov.in/content/sih/en/profile.Incubator.640309aae4b05275a6b1b45b.html,5,3
AIC NIFTEA Incubation centre,Tiruppur Tamil Nadu,https://www.startupindia.gov.in/content/sih/en/profile.Incubator.6401dc02e4b05275a6b168bf.html,41,21
Bilaspur Incubation centre,Bilaspur Chhattisgarh,https://www.startupindia.gov.in/content/sih/en/profile.Incubator.6401a07fe4b05275a6b0e8a8.html,0,0
Vishnu Foundation TBI,Bhimavaram Andhra Pradesh,https://www.startupindia.gov.in/content/sih/en/profile.Incubator.64014075e4b05275a6af70ca.html,45,1
AAU Incubation Center,Anand Gujarat,https://www.startupindia.gov.in/content/sih/en/profile.Incubator.63ff2540e4b07770d05f12f5.html,31,24
SVCET TBI,Chittoor Andhra Pradesh,https://www.startupindia.gov.in/content/sih/en/profile.Incubator.63ff1a0ce4b07770d05f0d43.html,6,2
AIC Prestige Inspire Foundation,Indore Madhya Pradesh,https://www.startupindia.gov.in/content/sih/en/profile.Incubator.63ff161ae4b07770d05f0b65.html,45,8
IIT BHUBANESWAR RESEARCH AND ENTREPRENEURSHIP PARK,Bhubaneswar Odisha,https://www.startupindia.gov.in/content/sih/en/profile.Incubator.63feedc3e4b07770d05eecca.html,16,30
AIC BAMU FOUNDATION,Aurangabad Maharashtra,https://www.startupindia.gov.in/content/sih/en/profile.Incubator.63fddbe8e4b07770d05c71bb.html,0,0
Gwalior Smart City Incubation centre,Gwalior Madhya Pradesh,https://www.startupindia.gov.in/content/sih/en/profile.Incubator.63fdd7eae4b07770d05c703f.html,28,20
Satna Incubation Centre,Satna Madhya Pradesh,https://www.startupindia.gov.in/content/sih/en/profile.Incubator.63fd9c3fe4b0752eee01d0e5.html,0,0
accerator,Agra Uttar Pradesh,https://www.startupindia.gov.in/content/sih/en/profile.Incubator.63fd9954e4b0752eee01cff9.html,2,23
Vignana Jyothi Foundation for Entrepreneurial Excellence,Hyderabad Telangana,https://www.startupindia.gov.in/content/sih/en/profile.Incubator.63fc7fb9e4b0752eee019935.html,37,5
NCAM,Hyderabad Telangana,https://www.startupindia.gov.in/content/sih/en/profile.Incubator.63fc72c1e4b0752eee01940d.html,0,0
IIT Jodhpur Technology Innovation and Startup Center,Jodhpur Rajasthan,https://www.startupindia.gov.in/content/sih/en/profile.Incubator.63fc6ad7e4b0752eee01914d.html,0,0
MIET Incubation Forum,Meerut Uttar Pradesh,https://www.startupindia.gov.in/content/sih/en/profile.Incubator.63fc558be4b0752eee018856.html,87,14
VISHNU FOUNDATION TBI,Bhimavaram Andhra Pradesh,https://www.startupindia.gov.in/content/sih/en/profile.Incubator.63fb5dbae4b0752eee0168f3.html,0,0
VJTI Technology Business Incubator,Mumbai Maharashtra,https://www.startupindia.gov.in/content/sih/en/profile.Incubator.63f88a96e4b0752eee003fee.html,37,4
VJTI-Technology Business Incubator,Mumbai Maharashtra,https://www.startupindia.gov.in/content/sih/en/profile.Incubator.63f5d460e4b0752eedffbb55.html,57,4
a-IDEA ICAR NAARM,Ranga Reddy Telangana,https://www.startupindia.gov.in/content/sih/en/profile.Incubator.63f45dece4b0752eedff742b.html,49,64
SRiX_SR Innovation Exchange,Warangal Telangana,https://www.startupindia.gov.in/content/sih/en/profile.Incubator.63f34079e4b0e6f581bf04e0.html,136,46
IMI INCUBATION FOUNDATION,Bhubaneswar Odisha,https://www.startupindia.gov.in/content/sih/en/profile.Incubator.63f32688e4b0e6f581befcb7.html,10,1
AMET Centre for Entrepreneurship Innovation and Incubation,Chennai Tamil Nadu,https://www.startupindia.gov.in/content/sih/en/profile.Incubator.63ef6b82e4b0e6f581be924d.html,0,0
Tula's Technology Business Incubator Foundation (TTBIF),Dehradun Uttarakhand,https://www.startupindia.gov.in/content/sih/en/profile.Incubator.63ef50fde4b0e6f581be89a7.html,8,3
IISR ABI,Kozhikode Kerala,https://www.startupindia.gov.in/content/sih/en/profile.Incubator.63edbd7ce4b0e6f581be4341.html,25,35
IIMT BUSINESS INCUBATOR,Meerut Uttar Pradesh,https://www.startupindia.gov.in/content/sih/en/profile.Incubator.63ec8751e4b0e6f581be127d.html,5,1
TEXMiN TBI,Dhanbad Jharkhand,https://www.startupindia.gov.in/content/sih/en/profile.Incubator.63eb99f1e4b0e6f581bdf658.html,12,8
NIFT Foundation for Design Innovation,South Delhi Delhi,https://www.startupindia.gov.in/content/sih/en/profile.Incubator.63eb45aee4b082303da8d425.html,0,0
AIC-RNTU Foundation,Bhopal Madhya Pradesh,https://www.startupindia.gov.in/content/sih/en/profile.Incubator.63ea6564e4b082303da8b70f.html,131,45
Annamalai innovation and Incubation Research Foundation EDII,Cuddalore Tamil Nadu,https://www.startupindia.gov.in/content/sih/en/profile.Incubator.63e6825ce4b082303da833e3.html,31,6
STEP,Ghaziabad Uttar Pradesh,https://www.startupindia.gov.in/content/sih/en/profile.Incubator.63e62778e4b082303da82549.html,20,522
AIC GIM Foundation,North Goa Goa,https://www.startupindia.gov.in/content/sih/en/profile.Incubator.63e53f6ee4b082303da7fd5a.html,32,15
AIC BHU,Varanasi Uttar Pradesh,https://www.startupindia.gov.in/content/sih/en/profile.Incubator.63e4e48ce4b082303da7eefb.html,35,16
SONA INCUBATION FOUNDATION,Salem Tamil Nadu,https://www.startupindia.gov.in/content/sih/en/profile.Incubator.63e496b1e4b082303da7cf92.html,0,0
NRDC,South Delhi Delhi,https://www.startupindia.gov.in/content/sih/en/profile.Incubator.63e37ec2e4b082303da7a632.html,0,0
FOUNDATION FOR INNOVATORS IN SCIENCE AND TECHNOLOGY IIT PATNA,Patna Bihar,https://www.startupindia.gov.in/content/sih/en/profile.Incubator.63e352dbe4b082303da794ce.html,20,2
AI4ICPS.in (IIT Kharagpur AI4ICPS I Hub Foundation),Kharagpur West Bengal,https://www.startupindia.gov.in/content/sih/en/profile.Incubator.63e34dfde4b082303da792de.html,5,4
AIC Raise,Coimbatore Tamil Nadu,https://www.startupindia.gov.in/content/sih/en/profile.Incubator.63e3475be4b082303da79051.html,67,64
IIT Mandi iHub and HCI Foundation,Mandi Himachal Pradesh,https://www.startupindia.gov.in/content/sih/en/profile.Incubator.63e246eae4b082303da770cd.html,0,0
AIC STPI Bengaluru,Bengaluru Urban Karnataka,https://www.startupindia.gov.in/content/sih/en/profile.Incubator.63e1eb46e4b082303da749b9.html,46,2
KR Innovation Centre,Thoothukudi Tamil Nadu,https://www.startupindia.gov.in/content/sih/en/profile.Incubator.63db6dd3e4b03528c7e5112f.html,18,5
Navyug Navachar Foundation,Lucknow Uttar Pradesh,https://www.startupindia.gov.in/content/sih/en/profile.Incubator.63da53e0e4b03528c7e4eb2e.html,0,0
ISEED,Anand Gujarat,https://www.startupindia.gov.in/content/sih/en/profile.Incubator.63da104ae4b0d237b257c401.html,19,13
spic,Chandigarh Chandigarh,https://www.startupindia.gov.in/content/sih/en/profile.Incubator.63d7eccce4b0d237b2576944.html,15,12
Atal Incubation Centre - Manipal University Jaipur,Jaipur Rajasthan,https://www.startupindia.gov.in/content/sih/en/profile.Incubator.63d769bde4b0d237b2574210.html,41,18
Centre for Innovation Incubation and Entrepreneurship,Srinagar Jammu and Kashmir,https://www.startupindia.gov.in/content/sih/en/profile.Incubator.63c9072fe4b0a39b8f00dd9b.html,0,0
RAISE Foundation,Bijnor Uttar Pradesh,https://www.startupindia.gov.in/content/sih/en/profile.Incubator.63c8d77ae4b0a39b8f00cef2.html,0,0
Baba Farid School of Entrepreneurship,Bathinda Punjab,https://www.startupindia.gov.in/content/sih/en/profile.Incubator.63c648a9e4b0a39b8f005695.html,0,0
IIT Ropar Technology Business Incubator Foundation,Rupnagar Punjab,https://www.startupindia.gov.in/content/sih/en/profile.Incubator.63bceb62e4b08bd10c719aaa.html,0,0
OctaNE CoE STPI Guwahati, Uttar Pradesh,https://www.startupindia.gov.in/content/sih/en/profile.Incubator.63bc0141e4b08bd10c71818c.html,0,0
IKP EDEN,Bengaluru Karnataka,https://www.startupindia.gov.in/content/sih/en/profile.Incubator.63b6f2aee4b08bd10c701fc3.html,0,0
Sreenidhi ASCEND,Hyderabad Telangana,https://www.startupindia.gov.in/content/sih/en/profile.Incubator.63b67410e4b0efec669ff00a.html,0,0
IIT Patna Vishlesan I Hub Foundation,Patna Bihar,https://www.startupindia.gov.in/content/sih/en/profile.Incubator.63ad2bf9e4b0efec669d5d75.html,0,0
VGU-TBI Trust,Jaipur Rajasthan,https://www.startupindia.gov.in/content/sih/en/profile.Incubator.63a94c19e4b0fcfedea637b3.html,0,0
I-Hub Foundation for Cobotics,South Delhi Delhi,https://www.startupindia.gov.in/content/sih/en/profile.Incubator.63a94bb7e4b0fcfedea63798.html,0,0
RMKEC INCUBATION CENTER,Chennai Tamil Nadu,https://www.startupindia.gov.in/content/sih/en/profile.Incubator.63a92f16e4b0fcfedea62cfe.html,0,0
ACICKIF,Srivilliputhur Tamil Nadu,https://www.startupindia.gov.in/content/sih/en/profile.Incubator.63a69aefe4b0fcfedea5dfab.html,0,0
Sri Sairm Techno Incubator Foundation,Chennai Tamil Nadu,https://www.startupindia.gov.in/content/sih/en/profile.Incubator.63a54e84e4b0fcfedea57694.html,0,0
91 Springboard Business Hub Private Limited,Delhi Delhi,https://www.startupindia.gov.in/content/sih/en/profile.Incubator.63a02583e4b0e7b413b0fac1.html,0,0
NSUTIIF,South West Delhi Delhi,https://www.startupindia.gov.in/content/sih/en/profile.Incubator.639ad01ee4b018c322adb5fa.html,0,0
AIC-ISE Foundation,Mehsana Gujarat,https://www.startupindia.gov.in/content/sih/en/profile.Incubator.6399a9bce4b018c322ad48f3.html,0,0
TiLi Incubator,Aizawl Mizoram,https://www.startupindia.gov.in/content/sih/en/profile.Incubator.63988b14e4b018c322ad0f8b.html,0,0
AIC-DSU Innovation Foundation,Bengaluru Karnataka,https://www.startupindia.gov.in/content/sih/en/profile.Incubator.63985f95e4b018c322acfd2f.html,0,0
NGI TBI,Coimbatore Tamil Nadu,https://www.startupindia.gov.in/content/sih/en/profile.Incubator.6398401fe4b018c322acf015.html,0,0
Alsisar Impact Social Ventures Foundation,Mumbai Maharashtra,https://www.startupindia.gov.in/content/sih/en/profile.Incubator.639721ade4b018c322acbe4a.html,0,0
SIMAT TBI,Palakkad Kerala,https://www.startupindia.gov.in/content/sih/en/profile.Incubator.6395749ee4b018c322ac2867.html,0,0
TCE TBI,Madurai Tamil Nadu,https://www.startupindia.gov.in/content/sih/en/profile.Incubator.63946bd9e4b018c322abe441.html,0,0
4TUNE FACTORY FOUNDATION,Ernakulam Kerala,https://www.startupindia.gov.in/content/sih/en/profile.Incubator.63944a43e4b018c322abd5cb.html,0,0
ECH- Incubation Centre University of Rajasthan,Jaipur Rajasthan,https://www.startupindia.gov.in/content/sih/en/profile.Incubator.6394407ce4b018c322abd2b6.html,0,0
Meerut Udyami foundation,Meerut Uttar Pradesh,https://www.startupindia.gov.in/content/sih/en/profile.Incubator.6392ed59e4b018c322ab289f.html,0,0
EKTA TBI,Nadia West Bengal,https://www.startupindia.gov.in/content/sih/en/profile.Incubator.6392e325e4b018c322ab24fb.html,0,0
GIAN,Ahmedabad Gujarat,https://www.startupindia.gov.in/content/sih/en/profile.Incubator.6392e064e4b018c322ab2364.html,0,0
TISS Incube Foundation,Mumbai Maharashtra,https://www.startupindia.gov.in/content/sih/en/profile.Incubator.63921614e4b018c322aaf964.html,0,0
SELCO Foundation,Bengaluru Karnataka,https://www.startupindia.gov.in/content/sih/en/profile.Incubator.6391ceabe4b018c322aae6a6.html,0,0
Dr Renuka Sharma,Gautam Buddha Nagar Uttar Pradesh,https://www.startupindia.gov.in/content/sih/en/profile.Incubator.639055a7e4b0823353429a35.html,0,0
BUNDELKHAND INNOVATION AND INCUBATION CENTER FOUNDATION,Jhansi Uttar Pradesh,https://www.startupindia.gov.in/content/sih/en/profile.Incubator.63902cace4b0823353428a81.html,0,0
CUSATECH Foundation,Kochi Kerala,https://www.startupindia.gov.in/content/sih/en/profile.Incubator.638f4965e4b0823353426e2d.html,0,0
Incubator profile,Chandigarh Chandigarh,https://www.startupindia.gov.in/content/sih/en/profile.Incubator.638dd61fe4b0823353421cfe.html,0,0
Florence International,Howrah West Bengal,https://www.startupindia.gov.in/content/sih/en/profile.Incubator.63899629e4b08233533cd08c.html,0,0
WaterBank,Latehar Jharkhand,https://www.startupindia.gov.in/content/sih/en/profile.Incubator.63895054e4b0ec70add484a4.html,0,0
GVRIKSH,Delhi Delhi,https://www.startupindia.gov.in/content/sih/en/profile.Incubator.6388ae79e4b0ef90a8910e60.html,0,0
The/Nudge Institute,Bengaluru Karnataka,https://www.startupindia.gov.in/content/sih/en/profile.Incubator.63888510e4b0ef90a890ef5c.html,0,0
Surge Impact Foundation,Hyderabad Telangana,https://www.startupindia.gov.in/content/sih/en/profile.Incubator.63887bcbe4b0ef90a890e73a.html,0,0
IITJ Technology Innovation and Startup Center,Jodhpur Rajasthan,https://www.startupindia.gov.in/content/sih/en/profile.Incubator.6385ce25e4b0f9d1767cca99.html,0,0
Foundation for CfHE,Sangareddy Telangana,https://www.startupindia.gov.in/content/sih/en/profile.Incubator.63858afbe4b076174beb6a00.html,0,0
Ganesan incubation and entrepreneurship center,Kanchipuram Tamil Nadu,https://www.startupindia.gov.in/content/sih/en/profile.Incubator.638491a2e4b076174be3809f.html,0,0
Gujarat student startup and innovation hub,Ahmedabad Gujarat,https://www.startupindia.gov.in/content/sih/en/profile.Incubator.63848ca1e4b076174be37d6f.html,0,0
SSN Incubation Foundation,Chennai Tamil Nadu,https://www.startupindia.gov.in/content/sih/en/profile.Incubator.63847428e4b076174be36bef.html,0,0
SPARKL,Mathura Uttar Pradesh,https://www.startupindia.gov.in/content/sih/en/profile.Incubator.63805db4e4b09239eeffdad8.html,0,0
down town Venture Labs foundation,Guwahati Assam,https://www.startupindia.gov.in/content/sih/en/profile.Incubator.637f26d3e4b070042cbac43b.html,0,0
ACIC-BMU Foundation,Gurugram Haryana,https://www.startupindia.gov.in/content/sih/en/profile.Incubator.637f1234e4b070042cbaab82.html,0,0
Navsanchar Incubation and Centre for Entrepreneurship NICE REC Ambedkar Nagar,Ambedkar Nagar Uttar Pradesh,https://www.startupindia.gov.in/content/sih/en/profile.Incubator.637ca93ce4b027ddb8e7686d.html,0,0
WISE (DUK),Thiruvananthapuram Kerala,https://www.startupindia.gov.in/content/sih/en/profile.Incubator.637b5bc4e4b027ddb8e6afe7.html,0,0
WEneurs Forum,Bhubaneswar Odisha,https://www.startupindia.gov.in/content/sih/en/profile.Incubator.63791d17e4b027ddb8e5e746.html,0,0
National Forensic Sciences University (Forensic Innovation Center),Gandhinagar Gujarat,https://www.startupindia.gov.in/content/sih/en/profile.Incubator.6378b9d7e4b027ddb8e5b583.html,0,0
Foundation for Innovation and Social Entrepreneurship (Atal Incubation Centre),North West Delhi Delhi,https://www.startupindia.gov.in/content/sih/en/profile.Incubator.637731b1e4b035bad9e81331.html,0,0
KLE CTIE Centre for Technology Innovation and Entrepreneurship,Hubli-Dharwad Karnataka,https://www.startupindia.gov.in/content/sih/en/profile.Incubator.6375f16ee4b0a2c719d7d776.html,0,0
NITJ Technology Business Incubator,Jalandhar Punjab,https://www.startupindia.gov.in/content/sih/en/profile.Incubator.6375eb44e4b0a2c719d7d477.html,0,0
INCeNSE,Bengaluru Urban Karnataka,https://www.startupindia.gov.in/content/sih/en/profile.Incubator.63721236e4b0a5c9c6da1bd3.html,0,0
J-Hub JNTUH,Hyderabad Telangana,https://www.startupindia.gov.in/content/sih/en/profile.Incubator.636b7ee7e4b0561227f07aa6.html,0,0
The NorthCap Incubation and Innovation Centre,Karnal Haryana,https://www.startupindia.gov.in/content/sih/en/profile.Incubator.636924eee4b07236689a0b8d.html,0,0
SPARKLE CINE FOUNDATION,Mysuru Karnataka,https://www.startupindia.gov.in/content/sih/en/profile.Incubator.636914a1e4b07236689a07ab.html,0,0
TEST INC,Chandigarh Chandigarh,https://www.startupindia.gov.in/content/sih/en/profile.Incubator.6360e783e4b061300b76a229.html,0,0
Sanctuary of Innovation Incubation and Entrepreneurship (SIIE) SRISTI-BioNEST,Gandhinagar Gujarat,https://www.startupindia.gov.in/content/sih/en/profile.Incubator.635b9d8ce4b0d54a1df341bc.html,0,0
Hindusthan Innovative Product Development Centre,Coimbatore Tamil Nadu,https://www.startupindia.gov.in/content/sih/en/profile.Incubator.635a9982e4b0d54a1df2f3b1.html,0,0
DBU TBI Foundations Desh Bhagat University,Fatehgarh Sahib Punjab,https://www.startupindia.gov.in/content/sih/en/profile.Incubator.6350ee7de4b0d54a1df04e34.html,0,0
Dr APJ Abdul Kalam COE in Innovation and Entrepreneurship,Chennai Tamil Nadu,https://www.startupindia.gov.in/content/sih/en/profile.Incubator.6350e47ce4b0d54a1df04446.html,0,0
IIHMR Startups,Jaipur Rajasthan,https://www.startupindia.gov.in/content/sih/en/profile.Incubator.6350e135e4b0d54a1df04125.html,0,0
SSUInnovation Foundation,Cuttack Odisha,https://www.startupindia.gov.in/content/sih/en/profile.Incubator.634f8cd2e4b0d54a1defd127.html,0,0
Technology Innovation Foundation of IIT Palakkad(TECHIN),Palakkad Kerala,https://www.startupindia.gov.in/content/sih/en/profile.Incubator.6347ec5be4b0d54a1dedbd62.html,0,0
BSSS Incubation Centre,Bhopal Madhya Pradesh,https://www.startupindia.gov.in/content/sih/en/profile.Incubator.633ea447e4b05eb49aab1303.html,0,0
IIPH NIDHI TBI for Public Health Gandhinagar,Gandhinagar Gujarat,https://www.startupindia.gov.in/content/sih/en/profile.Incubator.63312e35e4b04d457fb24513.html,0,0
TBI NIT Calicut,Kozhikode Kerala,https://www.startupindia.gov.in/content/sih/en/profile.Incubator.632d7a92e4b04d457fb08b62.html,0,0
Biotechnology Incubation Centre,Shimla Himachal Pradesh,https://www.startupindia.gov.in/content/sih/en/profile.Incubator.63298826e4b0c03d803e8e5f.html,0,0
Guwahati Biotech Park Technology Incubation Centre,Guwahati Assam,https://www.startupindia.gov.in/content/sih/en/profile.Incubator.6325592ee4b098e7a2c713fb.html,0,0
Institution of Industrial Research and Development Confederation,Kochi Kerala,https://www.startupindia.gov.in/content/sih/en/profile.Incubator.6320f1aee4b0e011ae77d7a2.html,0,0
Atal Incubation Centre - Ambedkar University Delhi Foundation,North Delhi Delhi,https://www.startupindia.gov.in/content/sih/en/profile.Incubator.63204b9fe4b037441d067528.html,0,0
Startup Incubation and Innovation Centre UPTTI Kanpur,Kanpur Nagar Uttar Pradesh,https://www.startupindia.gov.in/content/sih/en/profile.Incubator.632019c0e4b071ab1c8922f5.html,0,0
The ICFAI Foundation for Higher Education Innovation & Entrepreneurship Council (IIEC),Hyderabad Telangana,https://www.startupindia.gov.in/content/sih/en/profile.Incubator.631ee3f9e4b09ac640f7cb58.html,0,0
DSEU,Delhi Delhi,https://www.startupindia.gov.in/content/sih/en/profile.Incubator.630dfe90e4b02cd717031963.html,0,0
Rural Business Incubator,Almora Uttarakhand,https://www.startupindia.gov.in/content/sih/en/profile.Incubator.630dcd5ee4b02cd71702f327.html,0,0
JNTUH TBI,Hyderabad Telangana,https://www.startupindia.gov.in/content/sih/en/profile.Incubator.63075927e4b080c62a86e7b3.html,0,0
Surbhi Gupta, Haryana,https://www.startupindia.gov.in/content/sih/en/profile.Incubator.63065ee7e4b080c62a868f86.html,0,0
IIT Ropar - Technology and Innovation Foundation (AWaDH),Rupnagar Punjab,https://www.startupindia.gov.in/content/sih/en/profile.Incubator.62c3df81e4b07b2cdee326fc.html,0,0
Centre for Agribusiness Incubation and Entrepreneurship,Gwalior Madhya Pradesh,https://www.startupindia.gov.in/content/sih/en/profile.Incubator.62beccb9e4b07b2cdedfe32a.html,0,0
Avishkaran the BioNEST of NIPER Hyderabad,Hyderabad Telangana,https://www.startupindia.gov.in/content/sih/en/profile.Incubator.62beac07e4b07b2cdedfbaa2.html,0,0
K L Technology Incubators Foundation,Vijayawada Andhra Pradesh,https://www.startupindia.gov.in/content/sih/en/profile.Incubator.62bd5541e4b07b2cdeded4ed.html,0,0
SHRI SHANKARACHARYA BUSINESS INCUBATOR FOUNDATION,Durg Chhattisgarh,https://www.startupindia.gov.in/content/sih/en/profile.Incubator.62bbe7cae4b07b2cdedddff3.html,0,0
ACIC GIET UNIVERSITY FOUNDATION,Rayagada Odisha,https://www.startupindia.gov.in/content/sih/en/profile.Incubator.62b01144e4b07b2cded8475e.html,0,0
E-Hub Mahindra University,Hyderabad Telangana,https://www.startupindia.gov.in/content/sih/en/profile.Incubator.62ac5effe4b07b2cded71afd.html,0,0
IITJ TISC,Jodhpur Rajasthan,https://www.startupindia.gov.in/content/sih/en/profile.Incubator.62a87ac9e4b0a0b7141188ab.html,0,0
SDAU Rural Business Incubation Centre,Palanpur Gujarat,https://www.startupindia.gov.in/content/sih/en/profile.Incubator.62a6c24ce4b0a0b71410f522.html,0,0
IIT GUWAHATI TECHNOLOGY INCUBATION CENTRE,Guwahati Assam,https://www.startupindia.gov.in/content/sih/en/profile.Incubator.62a03df8e4b028cbac1a2063.html,0,0
IIT Bhilai Innovation and Technology Foundation,Raipur Chhattisgarh,https://www.startupindia.gov.in/content/sih/en/profile.Incubator.629deab3e4b028cbac198513.html,0,0
VENTURE DEVELOPMENT CENTRE,Visakhapatnam Andhra Pradesh,https://www.startupindia.gov.in/content/sih/en/profile.Incubator.6293120ae4b028cbac166775.html,0,0
MCC-MRF IP,Chennai Tamil Nadu,https://www.startupindia.gov.in/content/sih/en/profile.Incubator.62860d66e4b028cbac126320.html,0,0
Science & Technology Entrepreneurs park,Ludhiana Punjab,https://www.startupindia.gov.in/content/sih/en/profile.Incubator.627f5436e4b028cbac101cb1.html,0,0
ACIC IIT (ISM) Foundation,Dhanbad Jharkhand,https://www.startupindia.gov.in/content/sih/en/profile.Incubator.627a4cd9e4b028cbac0e6edd.html,0,0
KR Innovation Centre,Thoothukudi Tamil Nadu,https://www.startupindia.gov.in/content/sih/en/profile.Incubator.626f8b33e4b028cbac0b574a.html,0,0
Biopharma Incubation Center NIPER Ahmedabad,Gandhinagar Gujarat,https://www.startupindia.gov.in/content/sih/en/profile.Incubator.6267d293e4b028cbac08da30.html,0,0
Uddyam PAHSUI Foundation Solapur,Solapur Maharashtra,https://www.startupindia.gov.in/content/sih/en/profile.Incubator.62665fd9e4b028cbac082d3a.html,0,0
Atal incubation Centre ICAR-National Dairy Research Institute Bengaluru,Bengaluru Karnataka,https://www.startupindia.gov.in/content/sih/en/profile.Incubator.62657339e4b028cbac0805bd.html,0,0
Food Tech Research & Incubation Centre- FTRIC,Kozhikode Kerala,https://www.startupindia.gov.in/content/sih/en/profile.Incubator.6263c402e4b028cbac07b6ac.html,0,0
Mizoram University Incubation Centre,Aizawl Mizoram,https://www.startupindia.gov.in/content/sih/en/profile.Incubator.62616bb3e4b028cbac06fae4.html,0,0
a-IDEA Technology Business Incubator of ICAR NAARM,Hyderabad Telangana,https://www.startupindia.gov.in/content/sih/en/profile.Incubator.625c6602e4b028cbac055f11.html,0,0
G H Raisoni Technology Business Incubator Foundation (GHRTBIF),Nagpur Maharashtra,https://www.startupindia.gov.in/content/sih/en/profile.Incubator.624c0943e4b0e4f8d279ba64.html,0,0
Future AgriNest Farming Solutions Private Limited,Hyderabad Telangana,https://www.startupindia.gov.in/content/sih/en/profile.Incubator.624a8042e4b0e4f8d279728c.html,0,0
Sanskriti Centre for Incubation & Entrepreneurial Training (SCIET),Haridwar Uttarakhand,https://www.startupindia.gov.in/content/sih/en/profile.Incubator.62417f34e4b0e4f8d27726e9.html,0,0
Grameena Incubation Center,Anakapalle Andhra Pradesh,https://www.startupindia.gov.in/content/sih/en/profile.Incubator.6234195ae4b0e4f8d2733ad7.html,0,0
Qualcomm Design in India Challenge,Bengaluru Karnataka,https://www.startupindia.gov.in/content/sih/en/profile.Incubator.623212d7e4b0e4f8d2727863.html,0,0
BioValley Incubator,Visakhapatnam Andhra Pradesh,https://www.startupindia.gov.in/content/sih/en/profile.Incubator.623188e2e4b0e4f8d2723e5a.html,0,0
ROORKEE INSTITUTE OF TECHNOLOGY- TECHNOLOGY BUSINESS INCUBATOR(RIT-TBI),Roorkee Uttarakhand,https://www.startupindia.gov.in/content/sih/en/profile.Incubator.6230387fe4b0e4f8d271c741.html,0,0
Agri Business Incubation Foundation,Kharagpur West Bengal,https://www.startupindia.gov.in/content/sih/en/profile.Incubator.622ed744e4b0e4f8d2714dd3.html,0,0
Anupam Innovation & Incubation Center,Bhopal Madhya Pradesh,https://www.startupindia.gov.in/content/sih/en/profile.Incubator.622c243ae4b0e4f8d2705e59.html,0,0
Ideation Innovation and Incubation Foundation,Varanasi Uttar Pradesh,https://www.startupindia.gov.in/content/sih/en/profile.Incubator.622b2b4ae4b0e4f8d2701e27.html,0,0
AIC IIT Delhi,Sonipat Haryana,https://www.startupindia.gov.in/content/sih/en/profile.Incubator.622b1a9be4b0e4f8d27015e2.html,0,0
SEMICONDUCTOR FABLESS ACCELERATOR LAB,Bengaluru Urban Karnataka,https://www.startupindia.gov.in/content/sih/en/profile.Incubator.622afa34e4b0e4f8d2700924.html,0,0
AIC-AMTZ MEDIVALLEY INCUBATION COUNCIL,Visakhapatnam Andhra Pradesh,https://www.startupindia.gov.in/content/sih/en/profile.Incubator.6229e812e4b0e4f8d26fdaad.html,0,0
SGSITS INCUBATION FORUM,Indore Madhya Pradesh,https://www.startupindia.gov.in/content/sih/en/profile.Incubator.62285ef9e4b0e4f8d26f6b0b.html,0,0
Poorvanchal Incubation Council,Gorakhpur Uttar Pradesh,https://www.startupindia.gov.in/content/sih/en/profile.Incubator.6228040be4b0e4f8d26f3186.html,0,0
Galgotias Incubation Centre for Research Innovation Start-Up and Entrepreneurship (GIC-RISE),Gautam Buddha Nagar Uttar Pradesh,https://www.startupindia.gov.in/content/sih/en/profile.Incubator.6225b847e4b0e4f8d26e4097.html,0,0
TIIC ABV IIITM Gwalior,Gwalior Madhya Pradesh,https://www.startupindia.gov.in/content/sih/en/profile.Incubator.621c601ae4b0e4f8d26b2984.html,0,0
Entrepreneurial Development Council,Noida Uttar Pradesh,https://www.startupindia.gov.in/content/sih/en/profile.Incubator.621b50e8e4b0e4f8d26ae7fa.html,0,0
Science Technology & Entrepreneurship Park,Patiala Punjab,https://www.startupindia.gov.in/content/sih/en/profile.Incubator.62146b08e4b0e4f8d2689555.html,32,6
SSCBS Innovation and Incubation Foundation,North West Delhi Delhi,https://www.startupindia.gov.in/content/sih/en/profile.Incubator.62137021e4b0e4f8d26846cd.html,0,0
CIIE Initiatives,Ahmedabad Gujarat,https://www.startupindia.gov.in/content/sih/en/profile.Incubator.620b485be4b0e4f8d264fb7d.html,0,0
Snad Tank Startup Foundation,Kanpur Uttar Pradesh,https://www.startupindia.gov.in/content/sih/en/profile.Incubator.620a1bbbe4b0e4f8d26455dc.html,0,0
IIPH NIDHI TBI for Public Health Gandhinagar,Gandhinagar Gujarat,https://www.startupindia.gov.in/content/sih/en/profile.Incubator.62035479e4b0e4f8d261e4df.html,0,0
BIT TBI,Erode Tamil Nadu,https://www.startupindia.gov.in/content/sih/en/profile.Incubator.61fbb0eee4b00f5d174b6b0f.html,0,0
I-DAPT-HUB FOUNDATION,Varanasi Uttar Pradesh,https://www.startupindia.gov.in/content/sih/en/profile.Incubator.61f77757e4b0bc857042fd19.html,0,0
Kurativz Technologies Private Limited,Noida Uttar Pradesh,https://www.startupindia.gov.in/content/sih/en/profile.Incubator.61eff210e4b020b2f889dab3.html,0,0
AIC Raise,Coimbatore Tamil Nadu,https://www.startupindia.gov.in/content/sih/en/profile.Incubator.61efddcde4b020b2f889ca33.html,0,0
Jai Hind College Incubator and Accelerator Centre,Mumbai Maharashtra,https://www.startupindia.gov.in/content/sih/en/profile.Incubator.61e5ad66e4b020b2f8855233.html,0,0
DTU-Innovation and incubation foundation,North West Delhi Delhi,https://www.startupindia.gov.in/content/sih/en/profile.Incubator.61e58c7ce4b020b2f88541aa.html,0,0
Tagore Centre for Green Technology Business Incubation,Kolkata West Bengal,https://www.startupindia.gov.in/content/sih/en/profile.Incubator.61e2eb98e4b020b2f8840c09.html,0,0
SRM Innovation Incubation & Entrepreneurship Center,Chennai Tamil Nadu,https://www.startupindia.gov.in/content/sih/en/profile.Incubator.61de6859e4b020b2f88245db.html,0,0
Foundation for Sandboxstartup Initiatives - Deshpande Startups,Hubli-Dharwad Karnataka,https://www.startupindia.gov.in/content/sih/en/profile.Incubator.61dbff06e4b020b2f8813685.html,0,0
New Age Innovation Network KLS VDIT Haliyal,Karwar Karnataka,https://www.startupindia.gov.in/content/sih/en/profile.Incubator.61db29a0e4b020b2f880e146.html,0,0
Project and Innovation Lab,Ahmedabad Gujarat,https://www.startupindia.gov.in/content/sih/en/profile.Incubator.61d3fd87e4b020b2f87dc56f.html,0,0
Idea lab,Ghaziabad Uttar Pradesh,https://www.startupindia.gov.in/content/sih/en/profile.Incubator.61d3f0dde4b020b2f87db85d.html,0,0
UASB Agri Innovation Center,Bengaluru Urban Karnataka,https://www.startupindia.gov.in/content/sih/en/profile.Incubator.61cc35dfe4b020b2f87b7bdf.html,0,0
KURUKSHETRA UNIVERSITY TECHNOLOGY INCUBATION CENTRE,Kurukshetra Haryana,https://www.startupindia.gov.in/content/sih/en/profile.Incubator.61c56e6ae4b041b4edd4d345.html,0,0
NIF Incubation and Entrepreneurship Council,Gandhinagar Gujarat,https://www.startupindia.gov.in/content/sih/en/profile.Incubator.61c2f080e4b041b4edd411df.html,0,0
Centre for Innovation Incubation and Linkages forum,Pune Maharashtra,https://www.startupindia.gov.in/content/sih/en/profile.Incubator.61c16d0de4b041b4edd3677a.html,0,0
Technopreneurs Surrogate Ventures,North 24 Parganas West Bengal,https://www.startupindia.gov.in/content/sih/en/profile.Incubator.61bc68e4e4b0d556fca52f91.html,0,0
AIC-IIITH Foundation,Hyderabad Telangana,https://www.startupindia.gov.in/content/sih/en/profile.Incubator.61baee23e4b0363880cb8d6d.html,0,0
Karnavati Innovation and Incubation Foundation,Ahmedabad Gujarat,https://www.startupindia.gov.in/content/sih/en/profile.Incubator.61b97c7be4b0363880cae379.html,0,0
NETRARIT Foundation,Uran Islampur Maharashtra,https://www.startupindia.gov.in/content/sih/en/profile.Incubator.61b1d5c7e4b099c63b577c8f.html,0,0
REC Sonbhadra Incubation Center,Sonbhadra Uttar Pradesh,https://www.startupindia.gov.in/content/sih/en/profile.Incubator.61b1c78ee4b099c63b577127.html,0,0
SIDDHAM INNOVATION AND BUSINESS INCUBATION CENTRE,Kolhapur Maharashtra,https://www.startupindia.gov.in/content/sih/en/profile.Incubator.61ace644e4b099c63b540d49.html,0,0
AMITY INNOVATION INCUBATOR - LUCKNOW,Lucknow Uttar Pradesh,https://www.startupindia.gov.in/content/sih/en/profile.Incubator.61a85d19e4b0cb4c4c134cb0.html,0,0
EDII- KILLIKULAM AGRIBUSINESS INCUBATION FORUM,Thoothukudi Tamil Nadu,https://www.startupindia.gov.in/content/sih/en/profile.Incubator.61a5aae9e4b0cb4c4c124e1d.html,0,0
IIMBG INSPIRE,Gaya Bihar,https://www.startupindia.gov.in/content/sih/en/profile.Incubator.61a4cb65e4b0cb4c4c11f4b4.html,0,0
TIDES,Roorkee Uttarakhand,https://www.startupindia.gov.in/content/sih/en/profile.Incubator.61a4c36ce4b0cb4c4c11f10d.html,0,0
Pilani Innovation and Entrepreneurship Development Society,Pilani Rajasthan,https://www.startupindia.gov.in/content/sih/en/profile.Incubator.619b4454e4b0cb4c4c0eae82.html,0,0
Pilani Innovation and Entrepreneurship Development Society,Pilani Rajasthan,https://www.startupindia.gov.in/content/sih/en/profile.Incubator.641d77ad26a2d66090cf75c0.html,17,65
BioNEST BHU,Varanasi Uttar Pradesh,https://www.startupindia.gov.in/content/sih/en/profile.Incubator.618f5cdae4b0cb4c4c0a7b43.html,0,0
AIC BAMU FOUNDATION,Aurangabad Maharashtra,https://www.startupindia.gov.in/content/sih/en/profile.Incubator.618eb8d4e4b0cb4c4c0a5237.html,0,0
BioNEST Bioincubator Ahmedabad University,Ahmedabad Gujarat,https://www.startupindia.gov.in/content/sih/en/profile.Incubator.617a8015e4b0cb4c4c057878.html,0,0
Association for Innovation Development of Entrepreneurship in Agriculture,Hyderabad Telangana,https://www.startupindia.gov.in/content/sih/en/profile.Incubator.6165572fe4b0e325d542e2d4.html,0,0
IIMT BUSINESS INCUBATION CENTRE,Meerut Uttar Pradesh,https://www.startupindia.gov.in/content/sih/en/profile.Incubator.615f33aae4b07efc0a4ca63f.html,0,0
Heal The World Global Innovation Hub,Pune Maharashtra,https://www.startupindia.gov.in/content/sih/en/profile.Incubator.615eec25e4b07efc0a4c821d.html,0,0
Center for Innovation and Incubation(CII),Bhubaneswar Odisha,https://www.startupindia.gov.in/content/sih/en/profile.Incubator.615c30dce4b08fb41b681035.html,0,0
SPPU Research Park Foundation,Pune Maharashtra,https://www.startupindia.gov.in/content/sih/en/profile.Incubator.615c0537e4b08fb41b67ee1e.html,0,0
SPARK Incubation Centre,Sagar Madhya Pradesh,https://www.startupindia.gov.in/content/sih/en/profile.Incubator.615ad267e4b08fb41b679794.html,0,0
The StepUp Ventures,Bengaluru Urban Karnataka,https://www.startupindia.gov.in/content/sih/en/profile.Incubator.615769d9e4b033527d09c9ad.html,0,0
NAIN INCUBATION CENTRE KLE Dr. MSSCET Belagavi,Belagavi Karnataka,https://www.startupindia.gov.in/content/sih/en/profile.Incubator.615554e1e4b0f21b6c4b28b8.html,0,0
TexMin TBI IIT (ISM) Dhanbad,Dhanbad Jharkhand,https://www.startupindia.gov.in/content/sih/en/profile.Incubator.6151a587e4b05667f1175c39.html,0,0
CUSAT TBI,Ernakulam Kerala,https://www.startupindia.gov.in/content/sih/en/profile.Incubator.61516a40e4b05667f1173c3a.html,0,0
VHub incubation centre,Hyderabad Telangana,https://www.startupindia.gov.in/content/sih/en/profile.Incubator.6144656ae4b0f62f9319efce.html,0,0
ABLEST,Thanjavur Tamil Nadu,https://www.startupindia.gov.in/content/sih/en/profile.Incubator.61444b15e4b0f62f9319930f.html,0,0
CPU Pioneer Incubator,Hamirpur Himachal Pradesh,https://www.startupindia.gov.in/content/sih/en/profile.Incubator.61430c1ee4b0f62f93152bca.html,0,0
SKIIE,Srinagar Jammu and Kashmir,https://www.startupindia.gov.in/content/sih/en/profile.Incubator.613cc419e4b0f62f931049ae.html,0,0
ACIC-VGU Foundation,Jaipur Rajasthan,https://www.startupindia.gov.in/content/sih/en/profile.Incubator.6131d8c5e4b0f62f9307a1b8.html,0,0
AICNIFTTEA,Tiruppur Tamil Nadu,https://www.startupindia.gov.in/content/sih/en/profile.Incubator.612de286e4b0f62f93032124.html,0,0
NESCO FOUNDATION FOR INNOVATION AND DEVELOPMENT,Anand Gujarat,https://www.startupindia.gov.in/content/sih/en/profile.Incubator.612dcf48e4b0f62f930317c5.html,0,0
Agribusiness Incubator,Thrissur Kerala,https://www.startupindia.gov.in/content/sih/en/profile.Incubator.612dcde9e4b0f62f930316e1.html,0,0
Periyar TBI,Thanjavur Tamil Nadu,https://www.startupindia.gov.in/content/sih/en/profile.Incubator.612c630be4b0f62f930173ac.html,0,0
SIDDAGANGA TBI,Tumakuru Karnataka,https://www.startupindia.gov.in/content/sih/en/profile.Incubator.61287a81e4b0f62f92fc39fe.html,0,0
K-tech Innovation Hub powered by IKP- Shivamogga,Shivamogga Karnataka,https://www.startupindia.gov.in/content/sih/en/profile.Incubator.61249fe0e4b0f62f92f96f43.html,0,0
K-tech Innovation Hub - Powered by IKP Mangalore,Mangaluru Karnataka,https://www.startupindia.gov.in/content/sih/en/profile.Incubator.61249f55e4b0f62f92f96efd.html,0,0
AIC Jyothy Institute of Technology Foundation,Bengaluru Rural Karnataka,https://www.startupindia.gov.in/content/sih/en/profile.Incubator.612493c3e4b0f62f92f94eb9.html,0,0
Centre for Cellular and Molecular Platforms,Bengaluru Karnataka,https://www.startupindia.gov.in/content/sih/en/profile.Incubator.6122442ee4b04c4e2bc4746a.html,0,0
Indian Council for Technical Research and Development,Nagpur Maharashtra,https://www.startupindia.gov.in/content/sih/en/profile.Incubator.611f71f5e4b0aee5cebb5a13.html,0,0
Centre for Entrepreneurship Opportunities & Learning - CEOL Mangalore,Dakshina Kannada Karnataka,https://www.startupindia.gov.in/content/sih/en/profile.Incubator.611a5439e4b0aee5ceb8427e.html,0,0
BUSINESS INCUBATOR IIM SAMBALPUR,Sambalpur Odisha,https://www.startupindia.gov.in/content/sih/en/profile.Incubator.611649b5e4b0aee5ceb5130d.html,0,0
K-tech Innovation Hub Powered by IKP,Belagavi Karnataka,https://www.startupindia.gov.in/content/sih/en/profile.Incubator.6113bca6e4b0aee5ceb39729.html,0,0
AIC AnnaIncubator,Chennai Tamil Nadu,https://www.startupindia.gov.in/content/sih/en/profile.Incubator.6113af4ae4b0aee5ceb39254.html,0,0
Karpaga Vinayaga Incubation Centre,Chennai Tamil Nadu,https://www.startupindia.gov.in/content/sih/en/profile.Incubator.611390e2e4b0aee5ceb3841e.html,0,0
BEC - New Age Innovation Network (NAIN),Bagalkot Karnataka,https://www.startupindia.gov.in/content/sih/en/profile.Incubator.6113853ee4b0aee5ceb379a3.html,0,0
MOTION CoE,Pune Maharashtra,https://www.startupindia.gov.in/content/sih/en/profile.Incubator.61137b26e4b0aee5ceb3755a.html,0,0
K-tech Innovation Hub Powered by IKP,Bengaluru Karnataka,https://www.startupindia.gov.in/content/sih/en/profile.Incubator.61137031e4b0aee5ceb37101.html,0,0
FICCI LEAD,Delhi Delhi,https://www.startupindia.gov.in/content/sih/en/profile.Incubator.61093571e4b0aee5ceac7e6c.html,0,0
INCeNSE,Bengaluru Karnataka,https://www.startupindia.gov.in/content/sih/en/profile.Incubator.6108d185e4b0ad9f401e81be.html,0,0
Incubator for Social Enterprises and Entrepreneurs Development (iSEED),Anand Gujarat,https://www.startupindia.gov.in/content/sih/en/profile.Incubator.61028dd7e4b0ad9f4017215a.html,0,0
GL Bajaj TBI,Gautam Buddha Nagar Uttar Pradesh,https://www.startupindia.gov.in/content/sih/en/profile.Incubator.60fe8c1be4b0ad9f40138cd5.html,0,0
Center of Innovation Incubation Entrepreneurship and Industry Relations (CIIEIR) IIT INDORE,Indore Madhya Pradesh,https://www.startupindia.gov.in/content/sih/en/profile.Incubator.60fcf838e4b0ad9f4012736d.html,0,0
NASSCOM 10000 Startups,Noida Uttar Pradesh,https://www.startupindia.gov.in/content/sih/en/profile.Incubator.60fa8310e4b0ad9f40109722.html,0,0
Symbiosis Centre for Entrepreneurship & Innovation,Pune Maharashtra,https://www.startupindia.gov.in/content/sih/en/profile.Incubator.60f836fce4b0ad9f400eb5ce.html,0,0
Galgotias Incubation Center for Research Innovation Startup and Entrepreneurs,Gautam Buddha Nagar Uttar Pradesh,https://www.startupindia.gov.in/content/sih/en/profile.Incubator.60f72561e4b0ad9f400daa51.html,0,0
ElectropreneurParkBhubaneswar,Bhubaneswar Odisha,https://www.startupindia.gov.in/content/sih/en/profile.Incubator.60f710b1e4b0ad9f400d9c73.html,0,0
Foundation of MakeItHappen Center for InventionInnovation and Incubation,Pune Maharashtra,https://www.startupindia.gov.in/content/sih/en/profile.Incubator.60f6a560e4b0ad9f400d0a51.html,0,0
AIC IISER PUNE SEED FOUNDATION,Pune Maharashtra,https://www.startupindia.gov.in/content/sih/en/profile.Incubator.60f54f68e4b0ad9f400c4fc6.html,0,0
GEC PALAKKAD,Palakkad Kerala,https://www.startupindia.gov.in/content/sih/en/profile.Incubator.60f46904e4b0ad9f400bc162.html,0,0
SPREAD LOVE HAPPINESS AND PEACE FOUNDATION,Delhi Delhi,https://www.startupindia.gov.in/content/sih/en/profile.Incubator.60f072bee4b03d76f36865b9.html,0,0
Ihub Gujarat,Ahmedabad Gujarat,https://www.startupindia.gov.in/content/sih/en/profile.Incubator.60f01bb2e4b03d76f3680c5c.html,0,0
VAYAVE PRIVATE LIMITED,Pune Maharashtra,https://www.startupindia.gov.in/content/sih/en/profile.Incubator.60eff587e4b03d76f367e93a.html,0,0
MANAGE - Centre for Innovation and Agriprenuership,Hyderabad Telangana,https://www.startupindia.gov.in/content/sih/en/profile.Incubator.60ee7d58e4b08b6a35515c6a.html,0,0
Rajasthan State Industrial Development and Investment Corporation,Jaipur Rajasthan,https://www.startupindia.gov.in/content/sih/en/profile.Incubator.60e9a983e4b08b6a35501177.html,0,0
AIC - B V Foundation,Patna Bihar,https://www.startupindia.gov.in/content/sih/en/profile.Incubator.60e801a1e4b08b6a354f7d27.html,0,0
AIC SURATi iLAB Foundation,Surat Gujarat,https://www.startupindia.gov.in/content/sih/en/profile.Incubator.60e5a2aee4b08b6a354e9e55.html,0,0
Technology Business Incubator NIT Calicut,Kozhikode Kerala,https://www.startupindia.gov.in/content/sih/en/profile.Incubator.60e597bce4b08b6a354e9ca8.html,0,0
SANSKRITI UNIVERSITY BUSINESS INCUBATION CENTER,Mathura Uttar Pradesh,https://www.startupindia.gov.in/content/sih/en/profile.Incubator.60e14c1be4b0a8de6fd736ee.html,0,0
TMU BUSINESS INCUBATION CENTER,Moradabad Uttar Pradesh,https://www.startupindia.gov.in/content/sih/en/profile.Incubator.60e058d9e4b0a8de6fd6f3bb.html,0,0
Life Science Incubator IKP Knowledge Park,Hyderabad Telangana,https://www.startupindia.gov.in/content/sih/en/profile.Incubator.60db1f5de4b0c264518c4741.html,0,0
BITTBI,Erode Tamil Nadu,https://www.startupindia.gov.in/content/sih/en/profile.Incubator.60db06abe4b0c264518c3934.html,0,0
SARABHAI INSTITUTE OF SCIENCE&TECHNOLOGY,Thiruvananthapuram Kerala,https://www.startupindia.gov.in/content/sih/en/profile.Incubator.60dad7b9e4b0c264518c2219.html,0,0
AIC Prestige Inspire Foundation,Indore Madhya Pradesh,https://www.startupindia.gov.in/content/sih/en/profile.Incubator.60d99fc1e4b0c264518ba201.html,0,0
BPIBS KNOWLEDGE & INNOVATION FOUNDATION,East Delhi Delhi,https://www.startupindia.gov.in/content/sih/en/profile.Incubator.60d971ffe4b0c264518b87dc.html,0,0
SKY ( Startup Kendra for You),Thiruvalla Kerala,https://www.startupindia.gov.in/content/sih/en/profile.Incubator.60d6be01e4b0c264518af333.html,0,0
Foundation for Innovation and Technology Transfer,New Delhi Delhi,https://www.startupindia.gov.in/content/sih/en/profile.Incubator.60d45228e4b0c264518a07ce.html,0,0
IAMAI Mobile10x,Bengaluru Karnataka,https://www.startupindia.gov.in/content/sih/en/profile.Incubator.60d2fad1e4b0c264518962fe.html,0,0
ISTS Women's Engineering College,East Godavari Andhra Pradesh,https://www.startupindia.gov.in/content/sih/en/profile.Incubator.60cc3110e4b0c26451876ace.html,0,0
Space Entrepreneurship Centre Private Limited,Bhopal Madhya Pradesh,https://www.startupindia.gov.in/content/sih/en/profile.Incubator.60cb2ca6e4b0c2645185a807.html,0,0
STPIFinBlue,Chennai Tamil Nadu,https://www.startupindia.gov.in/content/sih/en/profile.Incubator.60c9e99de4b01e72abcfb975.html,0,0
Foundation for Technology & Business Incubation (FTBI),Rourkela Odisha,https://www.startupindia.gov.in/content/sih/en/profile.Incubator.60c886bde4b027c65da270da.html,0,0
THINK B,Jagdalpur Chhattisgarh,https://www.startupindia.gov.in/content/sih/en/profile.Incubator.60c876cbe4b027c65da26b98.html,0,0
EDII Anna Business Incubation Research Foundation,Tiruchirappalli Tamil Nadu,https://www.startupindia.gov.in/content/sih/en/profile.Incubator.60c87254e4b027c65da269b8.html,0,0
Agribusiness Incubation Centre ICAR RC NEH,Ri Bhoi Meghalaya,https://www.startupindia.gov.in/content/sih/en/profile.Incubator.60c3aa72e4b027c65d9efb21.html,0,0
Dream Team Technologies Private Limited,Jodhpur Rajasthan,https://www.startupindia.gov.in/content/sih/en/profile.Incubator.60c1c193e4b027c65d9db005.html,0,0
Pilani Innovation & Entrepreneurship Development Society,Pilani Rajasthan,https://www.startupindia.gov.in/content/sih/en/profile.Incubator.60c079cfe4b027c65d9cfdd1.html,0,0
AIC - SKU Ananthapuram,Anantapur Andhra Pradesh,https://www.startupindia.gov.in/content/sih/en/profile.Incubator.60c0450fe4b027c65d9cd8ba.html,0,0
MLR Education Foundation TBI,Hyderabad Telangana,https://www.startupindia.gov.in/content/sih/en/profile.Incubator.60bf7d66e4b027c65d9c508e.html,0,0
VentureStudio - Ahmedabad University Support Foundation,Ahmedabad Gujarat,https://www.startupindia.gov.in/content/sih/en/profile.Incubator.60be1a7fe4b027c65d9af9f4.html,0,0
CIPET:SARP-ARSTPSINNOVEX LAB,Chennai Tamil Nadu,https://www.startupindia.gov.in/content/sih/en/profile.Incubator.60bdefa5e4b027c65d9ad526.html,0,0
Harinikumar K M Coordinator Agri innovation center UASB,Bengaluru Karnataka,https://www.startupindia.gov.in/content/sih/en/profile.Incubator.60bb19cee4b002345ded5456.html,0,0
CIIE Initiatives,Ahmedabad Gujarat,https://www.startupindia.gov.in/content/sih/en/profile.Incubator.60b9cc8de4b002345dec35ac.html,0,0
The Framework : Startup Incubation Center,Jaipur Rajasthan,https://www.startupindia.gov.in/content/sih/en/profile.Incubator.60b9afe1e4b002345dec1ca8.html,0,0
MSME-Technology Development Centre PPDC Meerut,Meerut Uttar Pradesh,https://www.startupindia.gov.in/content/sih/en/profile.Incubator.60b8a4e9e4b003351f34cc5c.html,0,0
Startup Accelerator Chamber of Commerce,Panchkula Haryana,https://www.startupindia.gov.in/content/sih/en/profile.Incubator.60b62db4e4b003351f3373f0.html,0,0
Antrapreneur-The Business Incubator A unit of L J Knowledge Foundation,Ahmedabad Gujarat,https://www.startupindia.gov.in/content/sih/en/profile.Incubator.60b20d1ae4b0a22670e9cc7a.html,0,0
Technology Business Incubator @ Kongu Engineering College,Erode Tamil Nadu,https://www.startupindia.gov.in/content/sih/en/profile.Incubator.60b0e1cae4b0a22670e94ea5.html,0,0
Agri Business Incubator SKUAST Jammu,Jammu Jammu and Kashmir,https://www.startupindia.gov.in/content/sih/en/profile.Incubator.60af6134e4b0a22670e8579c.html,0,0
Ideas to Impacts Hub,Pune Maharashtra,https://www.startupindia.gov.in/content/sih/en/profile.Incubator.60af0d25e4b0a22670e81b6c.html,0,0
Hunarship - Building Incubating & scaling,Jodhpur Rajasthan,https://www.startupindia.gov.in/content/sih/en/profile.Incubator.60ae3929e4b0a22670e7c677.html,0,0
Amity Technology Incubator,Noida Uttar Pradesh,https://www.startupindia.gov.in/content/sih/en/profile.Incubator.60ab8158e4b0e73e1e63149e.html,0,0
i-RISE (TBI-IISER Mohali),Mohali Punjab,https://www.startupindia.gov.in/content/sih/en/profile.Incubator.60ab4347e4b0e73e1e62d653.html,0,0
ASSOCIATION FOR INCUBATION AND BUSINESS ACCELERATORS OF INDIA,New Delhi Delhi,https://www.startupindia.gov.in/content/sih/en/profile.Incubator.60a91e4fe4b0e73e1e61543b.html,0,0
Prakousol NIT Arunachal Pradesh,Papum Pare Arunachal Pradesh,https://www.startupindia.gov.in/content/sih/en/profile.Incubator.60a8d2ade4b0e73e1e61389b.html,0,0
DPSRU Innovation and Incubation Foundation,Delhi Delhi,https://www.startupindia.gov.in/content/sih/en/profile.Incubator.60a8b60be4b0e73e1e61277f.html,0,0
SSIIE-TBI,Tirupati Andhra Pradesh,https://www.startupindia.gov.in/content/sih/en/profile.Incubator.60a75117e4b0e73e1e606654.html,0,0
RESEARCH INNOVATIONS SPONSORED PROJECTS & ENTREPRENEURSHIP(RISE),Mohali Punjab,https://www.startupindia.gov.in/content/sih/en/profile.Incubator.60a61e18e4b0e73e1e5f6257.html,0,0
AIC BAMU Foundation,Aurangabad Maharashtra,https://www.startupindia.gov.in/content/sih/en/profile.Incubator.60a60a4fe4b0e73e1e5f59ed.html,0,0
Starburst Aerospace,Mumbai Maharashtra,https://www.startupindia.gov.in/content/sih/en/profile.Incubator.609fed19e4b0286b84466e61.html,0,0
Maker Village,Ernakulam Kerala,https://www.startupindia.gov.in/content/sih/en/profile.Incubator.609f8458e4b0286b84464540.html,0,0
Kalasalingam Academy of Research and Education,Srivilliputhur Tamil Nadu,https://www.startupindia.gov.in/content/sih/en/profile.Incubator.609e428ee4b0286b84458b40.html,0,0
NGI TBI,Coimbatore Tamil Nadu,https://www.startupindia.gov.in/content/sih/en/profile.Incubator.609e385de4b0286b844587f8.html,0,0
National CoE for Cyber Security Technology Development & Entrepreneurship,Gautam Buddha Nagar Uttar Pradesh,https://www.startupindia.gov.in/content/sih/en/profile.Incubator.609cdcf7e4b0286b84450a92.html,0,0
Sigma Entrepreneurship Development & Incubation Centre (SEDIC),Vadodara Gujarat,https://www.startupindia.gov.in/content/sih/en/profile.Incubator.6098e3f8e4b04486ed6ddb58.html,0,0
AICNitte Incubation Centre,Udupi Karnataka,https://www.startupindia.gov.in/content/sih/en/profile.Incubator.6098c8c5e4b04486ed6dcaa3.html,0,0
Manipal GoK Bioincubator,Udupi Karnataka,https://www.startupindia.gov.in/content/sih/en/profile.Incubator.60978272e4b04486ed6d799a.html,0,0
K-tech CoE Aerospace & Defence,Bengaluru Karnataka,https://www.startupindia.gov.in/content/sih/en/profile.Incubator.6094ee9ee4b04486ed6c8d4e.html,0,0
Starthub Nation,Mohali Punjab,https://www.startupindia.gov.in/content/sih/en/profile.Incubator.6093b3a6e4b04486ed6c1686.html,0,0
IIT Ropar TBIF,Rupnagar Punjab,https://www.startupindia.gov.in/content/sih/en/profile.Incubator.60924f89e4b04486ed6b877f.html,0,0
Villgro Innovations Foundation,Chennai Tamil Nadu,https://www.startupindia.gov.in/content/sih/en/profile.Incubator.609207dce4b0d06491dd9f25.html,0,0
AIC NMIMS,Mumbai Maharashtra,https://www.startupindia.gov.in/content/sih/en/profile.Incubator.6090f773e4b0d06491dd3d9b.html,0,0
DALIT INDUSTRIES ASSOCIATION,Patna Bihar,https://www.startupindia.gov.in/content/sih/en/profile.Incubator.608bcd62e4b0d06491db8381.html,0,0
CIIE CTTC Bhubaneswar,Bhubaneswar Odisha,https://www.startupindia.gov.in/content/sih/en/profile.Incubator.60891244e4b0d06491da56d8.html,0,0
RTBI JECRC,Jaipur Rajasthan,https://www.startupindia.gov.in/content/sih/en/profile.Incubator.6086a2afe4b0d2ddc90c80a8.html,0,0
Centre for Incubation and Business Acceleration,Marmagao Goa,https://www.startupindia.gov.in/content/sih/en/profile.Incubator.60869ab3e4b0d2ddc90c7c41.html,0,0
Chitkara Innovation Incubator Foundation,Chandigarh Chandigarh,https://www.startupindia.gov.in/content/sih/en/profile.Incubator.6086962ae4b0d2ddc90c7a44.html,0,0
Centre for Advancing and Launching Enterprises - CrAdLE,Gandhinagar Gujarat,https://www.startupindia.gov.in/content/sih/en/profile.Incubator.608660c3e4b0d2ddc90c3e64.html,0,0
IIML Enterprise Incubation Center,Noida Uttar Pradesh,https://www.startupindia.gov.in/content/sih/en/profile.Incubator.608175f6e4b0d2ddc90abe95.html,224,70
AIC-MIT ADT Incubator Forum,Pune Maharashtra,https://www.startupindia.gov.in/content/sih/en/profile.Incubator.608171d7e4b0d2ddc90abd14.html,0,0
T-Hub Foundation,Hyderabad Telangana,https://www.startupindia.gov.in/content/sih/en/profile.Incubator.60816469e4b0d2ddc90ab74c.html,0,0
AICGIM,North Goa Goa,https://www.startupindia.gov.in/content/sih/en/profile.Incubator.6081218ee4b0d2ddc90a9458.html,0,0
Crescent Innovation and Incubation Council,Chennai Tamil Nadu,https://www.startupindia.gov.in/content/sih/en/profile.Incubator.608023a9e4b0d2ddc90a3a76.html,0,0
Dayananda Sagar Entrepreneurship Research and Business Incubation (DERBI ) Foundation,Bengaluru Karnataka,https://www.startupindia.gov.in/content/sih/en/profile.Incubator.607ff722e4b0d2ddc90a18de.html,0,0
Technology Business Incubator- Graphic Era University,Dehradun Uttarakhand,https://www.startupindia.gov.in/content/sih/en/profile.Incubator.607ea648e4b0d2ddc909ad4d.html,0,0
KBCNMU Centre for Innovation Incubation and Linkages,Jalgaon Maharashtra,https://www.startupindia.gov.in/content/sih/en/profile.Incubator.607e8bb6e4b0d2ddc909a4e2.html,0,0
IIITD Innovation and Incubation Center,South Delhi Delhi,https://www.startupindia.gov.in/content/sih/en/profile.Incubator.607e81fce4b0d2ddc909a189.html,0,0
GU INCUBATION INNOVATION TECHNOLOGY AND APPLIED RESEARCH COUNCIL,Vadodara Gujarat,https://www.startupindia.gov.in/content/sih/en/profile.Incubator.607e6cb1e4b0d2ddc9099975.html,0,0
IISC Knit Sultanpur,Sultanpur Uttar Pradesh,https://www.startupindia.gov.in/content/sih/en/profile.Incubator.607e5813e4b0d2ddc90992d4.html,0,0
Innovative Entrepreneurship Development Center (IEDC),Shirpur-Warwade Maharashtra,https://www.startupindia.gov.in/content/sih/en/profile.Incubator.607e4253e4b0d2ddc9099012.html,0,0
IIMK LIVE,Kozhikode Kerala,https://www.startupindia.gov.in/content/sih/en/profile.Incubator.607e3264e4b0d2ddc9098f23.html,0,0
CVRCE Technology Innovation Foundation,Bhubaneswar Odisha,https://www.startupindia.gov.in/content/sih/en/profile.Incubator.607d8641e4b0d2ddc909802e.html,0,0
Catalyst Atal Incubation Centre,Jaipur Rajasthan,https://www.startupindia.gov.in/content/sih/en/profile.Incubator.607d6d24e4b0d2ddc9097a10.html,0,0
R-ABI Mizoram,Aizawl Mizoram,https://www.startupindia.gov.in/content/sih/en/profile.Incubator.6077d996e4b0d2ddc906d9ed.html,0,0
Mayur kundan nikure,Nagpur Maharashtra,https://www.startupindia.gov.in/content/sih/en/profile.Incubator.60743232e4b0d2ddc9055431.html,0,0
ACIC RISE ASSOCIATION,Mohali Punjab,https://www.startupindia.gov.in/content/sih/en/profile.Incubator.6073de7ae4b0d2ddc905256e.html,0,0
NSRCEL IIMB,Krishnagiri Tamil Nadu,https://www.startupindia.gov.in/content/sih/en/profile.Incubator.60708932e4b0d2ddc9037ec5.html,0,0
EDII Tiruchirappalli Agribusiness Incubation Forum,Tiruchirappalli Tamil Nadu,https://www.startupindia.gov.in/content/sih/en/profile.Incubator.607024dce4b0d2ddc9032cdb.html,0,0
Agri and Food Business Incubator,Anand Gujarat,https://www.startupindia.gov.in/content/sih/en/profile.Incubator.606ef19de4b0d2ddc902ab88.html,0,0
Mahatma Education Society's Pillai Centre of Innovation and Entrepreneurship,Panvel Maharashtra,https://www.startupindia.gov.in/content/sih/en/profile.Incubator.606ac22de4b0729936bd3dd6.html,0,0
KALCHURI LNCT GROUP INCUBATION CENTER,Bhopal Madhya Pradesh,https://www.startupindia.gov.in/content/sih/en/profile.Incubator.605875c8e4b03f92cbcc26fe.html,0,0
EdVenture Incubation Foundation,Hyderabad Telangana,https://www.startupindia.gov.in/content/sih/en/profile.Incubator.60530f18e4b03f92cbc9ab5b.html,0,0
Sharda Launchpad Foundation,Gautam Buddha Nagar Uttar Pradesh,https://www.startupindia.gov.in/content/sih/en/profile.Incubator.60518f00e4b03f92cbc8e38a.html,0,0
VCorp,Ghaziabad Uttar Pradesh,https://www.startupindia.gov.in/content/sih/en/profile.Incubator.6050ba53e4b03f92cbc8b787.html,0,0
MIET Incubation Forum,New Delhi Delhi,https://www.startupindia.gov.in/content/sih/en/profile.Incubator.60508d47e4b03f92cbc8a328.html,0,0
AIC-Prestige Inspire Foundation,Indore Madhya Pradesh,https://www.startupindia.gov.in/content/sih/en/profile.Incubator.604f3a63e4b03f92cbc7faa7.html,0,0
Atal Incubation Centre - Pondicherry Engineering College Foundation,Pondicherry Puducherry,https://www.startupindia.gov.in/content/sih/en/profile.Incubator.60434b03e4b03f92cbc2b679.html,0,0
SCIFI IIM Lucknow,Lucknow Uttar Pradesh,https://www.startupindia.gov.in/content/sih/en/profile.Incubator.604084abe4b03f92cbc1e81b.html,0,0
FabCi IIT Hyderabad,Hyderabad Telangana,https://www.startupindia.gov.in/content/sih/en/profile.Incubator.60335a44e4b017a8daede211.html,0,0
INURTURE INCUBATION FOUNDATION,Ghaziabad Uttar Pradesh,https://www.startupindia.gov.in/content/sih/en/profile.Incubator.602bb503e4b0e02b2d4253b6.html,0,0
wolk india,South Delhi Delhi,https://www.startupindia.gov.in/content/sih/en/profile.Incubator.602b623ce4b0e02b2d421d54.html,0,0
NEC Business Incubator,Thoothukudi Tamil Nadu,https://www.startupindia.gov.in/content/sih/en/profile.Incubator.602a9cf6e4b07bc22e796974.html,0,0
BIL-Ryerson Technology Startup Incubator Foundation (BRTSIF),Mumbai Maharashtra,https://www.startupindia.gov.in/content/sih/en/profile.Incubator.6028d16ce4b07bc22e7877db.html,0,0
PC IEDC,Pune Maharashtra,https://www.startupindia.gov.in/content/sih/en/profile.Incubator.60263396e4b07bc22e77aef6.html,0,0
North East Agriculture Technology Entrepreneurs Hub,Jorhat Assam,https://www.startupindia.gov.in/content/sih/en/profile.Incubator.602616a7e4b07bc22e779da9.html,0,0
INDRADHANUSH TBI,Dehradun Uttarakhand,https://www.startupindia.gov.in/content/sih/en/profile.Incubator.6020da98e4b07bbc25b9463e.html,0,0
NRRI-ABIs,Cuttack Odisha,https://www.startupindia.gov.in/content/sih/en/profile.Incubator.601cee12e4b07bbc25b7fdfa.html,0,0
SIIF (SSCBS Innovation and Incubation Foundation),Delhi Delhi,https://www.startupindia.gov.in/content/sih/en/profile.Incubator.601cd42ce4b07bbc25b7ed0c.html,0,0
Malla Reddy Foundation for Research and Innovation,Hyderabad Telangana,https://www.startupindia.gov.in/content/sih/en/profile.Incubator.601a6e88e4b07bbc25b6f5c0.html,0,0
COF RABI,Agartala Tripura,https://www.startupindia.gov.in/content/sih/en/profile.Incubator.6017c4e2e4b07f8f9d0283cc.html,0,0
K-tech Innovation Hub NASSCOM,Bengaluru Karnataka,https://www.startupindia.gov.in/content/sih/en/profile.Incubator.6016cdd1e4b0ba5b7b2db6af.html,0,0
Gopalakrishnan-Deshpande Centre for Innovation & Entrepreneurship,Chennai Tamil Nadu,https://www.startupindia.gov.in/content/sih/en/profile.Incubator.601696d6e4b0ba5b7b2d9e7d.html,0,0
Ganpat University Incubation Centre,Mehsana Gujarat,https://www.startupindia.gov.in/content/sih/en/profile.Incubator.6016403ee4b0ba5b7b2d72b5.html,0,0
IIITH Foundation (CIE IIIT Hyderabad),Hyderabad Telangana,https://www.startupindia.gov.in/content/sih/en/profile.Incubator.60158cf6e4b0ba5b7b2d2994.html,0,0
Parul Innovation and Entrepreneurship Research Centre,Vadodara Gujarat,https://www.startupindia.gov.in/content/sih/en/profile.Incubator.60151c8ce4b0ba5b7b2cd78d.html,0,0
AIC N/Core,Bengaluru Karnataka,https://www.startupindia.gov.in/content/sih/en/profile.Incubator.6014c7b3e4b0ba5b7b2ca227.html,0,0
Bihar Industries Association,Patna Bihar,https://www.startupindia.gov.in/content/sih/en/profile.Incubator.6013a97ae4b00171cb726999.html,0,0
Osmania Technology Business Incubator,Hyderabad Telangana,https://www.startupindia.gov.in/content/sih/en/profile.Incubator.60126bf8e4b00171cb7206f8.html,0,0
T Works Foundation,Hyderabad Telangana,https://www.startupindia.gov.in/content/sih/en/profile.Incubator.60125761e4b00171cb71f5e3.html,0,0
CIET-TBI,Coimbatore Tamil Nadu,https://www.startupindia.gov.in/content/sih/en/profile.Incubator.60125127e4b00171cb71f1e1.html,0,0
91springboard,Mumbai Maharashtra,https://www.startupindia.gov.in/content/sih/en/profile.Incubator.600e534ae4b06d1acbcc3a29.html,0,0
UPES Council for Innovation and Entrepreneurship,Dehradun Uttarakhand,https://www.startupindia.gov.in/content/sih/en/profile.Incubator.600a8474e4b0c081f74bc6ad.html,0,0
RKVY-RAFTAAR Agri Business Incubator,Varanasi Uttar Pradesh,https://www.startupindia.gov.in/content/sih/en/profile.Incubator.600918d5e4b0c081f74b1c55.html,0,0
ATAL INCUBATION CENTER GUJARAT TECHNOLOGICAL UNIVERSITY,Ahmedabad Gujarat,https://www.startupindia.gov.in/content/sih/en/profile.Incubator.600802b0e4b0c081f74aa5d9.html,0,0
Centre for Advancing and Launching Enterprises,Gandhinagar Gujarat,https://www.startupindia.gov.in/content/sih/en/profile.Incubator.60057884e4b0c081f749fb57.html,0,0
Atal Incubation Hub HBTU,Kanpur Uttar Pradesh,https://www.startupindia.gov.in/content/sih/en/profile.Incubator.5ffba245e4b0c081f74684a3.html,0,0
AIC-ISE FOundation,Mehsana Gujarat,https://www.startupindia.gov.in/content/sih/en/profile.Incubator.5ff93e75e4b0c081f745c2d4.html,0,0
GoBizLab - Centre for Innovation & Entrepreneurship Development,Mumbai Maharashtra,https://www.startupindia.gov.in/content/sih/en/profile.Incubator.5ff55fe3e4b072ce664166c9.html,0,0
Mizoram University BioNEST,Aizawl Mizoram,https://www.startupindia.gov.in/content/sih/en/profile.Incubator.5ff08ea4e4b072ce66400b97.html,0,0
NAIN-New Age Innovation Network Center. SDM College of Engineering and Technology. Dharwad-580 002.,Dharwad Karnataka,https://www.startupindia.gov.in/content/sih/en/profile.Incubator.5fed7163e4b072ce663f2d38.html,0,0
New Age Innovation Network [NAIN] Centre - NMAM Institute of Technology Nitte,Udupi Karnataka,https://www.startupindia.gov.in/content/sih/en/profile.Incubator.5fec89b9e4b072ce663ee555.html,0,0
GLOBAL INCUBATION SERVICES,Bengaluru Karnataka,https://www.startupindia.gov.in/content/sih/en/profile.Incubator.5fec357ee4b072ce663eb58b.html,0,0
NAIN District Innovation Hub at The National Institute of Engineering,Mysuru Karnataka,https://www.startupindia.gov.in/content/sih/en/profile.Incubator.5feaeface4b072ce663e3eb2.html,0,0
AIIRF-EDII {Annamalai Innovation and Incubation Research Foundation},Cuddalore Tamil Nadu,https://www.startupindia.gov.in/content/sih/en/profile.Incubator.5fe88058e4b0db7e4f386e96.html,0,0
NAIN Centre at PACE,Mangaluru Karnataka,https://www.startupindia.gov.in/content/sih/en/profile.Incubator.5fe802c7e4b0db7e4f383e5d.html,0,0
New Age Innovation Network Center Sahyadri College of Engineering and Management,Mangaluru Karnataka,https://www.startupindia.gov.in/content/sih/en/profile.Incubator.5fe720a5e4b0db7e4f37f4d4.html,0,0
New Age Innovation Network [NAIN] Bapuji Institute of Engineering & Technology,Davanagere Karnataka,https://www.startupindia.gov.in/content/sih/en/profile.Incubator.5fe6b553e4b0db7e4f37b20d.html,0,0
ASPIREBIONEST,Hyderabad Telangana,https://www.startupindia.gov.in/content/sih/en/profile.Incubator.5fe36f48e4b0db7e4f36a6e1.html,0,0
Virtual Pitching by Indian Startups in Agri Value Chain and Processing Sector,Gurugram Haryana,https://www.startupindia.gov.in/content/sih/en/profile.Incubator.5fe04902e4b02aea237a9448.html,0,0
K-Tech Innovation Hub New age Innovation Network(NAIN) Center,Kalaburagi Karnataka,https://www.startupindia.gov.in/content/sih/en/profile.Incubator.5fd9d84be4b0776e0c562abd.html,0,0
AIC-NMIMS,Mumbai Maharashtra,https://www.startupindia.gov.in/content/sih/en/profile.Incubator.5fd99a12e4b0776e0c560849.html,0,0
NIFT Foundation for Design Innovation,South Delhi Delhi,https://www.startupindia.gov.in/content/sih/en/profile.Incubator.5fd313b9e4b0da94c37b8f54.html,0,0
Yenepoya Technology Incubator,Mangaluru Karnataka,https://www.startupindia.gov.in/content/sih/en/profile.Incubator.5fc8bccee4b03d376efe4772.html,0,0
Crest Innovations Foundation,New Delhi Delhi,https://www.startupindia.gov.in/content/sih/en/profile.Incubator.5fc0d601e4b016b44cb39757.html,0,0
NICE Program,Hyderabad Telangana,https://www.startupindia.gov.in/content/sih/en/profile.Incubator.5fb76130e4b01f96edfcbe3a.html,0,0
CIIE.CO,Ahmedabad Gujarat,https://www.startupindia.gov.in/content/sih/en/profile.Incubator.5fb3bc08e4b01f96edfb811e.html,0,0
Centre for Innovation Technology Transfer and Industry Collaboration CUSAT-TBI,Kochi Kerala,https://www.startupindia.gov.in/content/sih/en/profile.Incubator.5fb26187e4b01f96edfb11a9.html,0,0
JECRC Incubation Centre,Jaipur Rajasthan,https://www.startupindia.gov.in/content/sih/en/profile.Incubator.5fae5487e4b01f96edfa01af.html,0,0
AFBIC IITKGP,Kharagpur West Bengal,https://www.startupindia.gov.in/content/sih/en/profile.Incubator.5f9ff2abe4b08c3f81700c6a.html,0,0
603 The CoWorking Space India,Mumbai Maharashtra,https://www.startupindia.gov.in/content/sih/en/profile.Incubator.5f9fc39be4b08c3f816fff60.html,0,0
YCCE TBI Foundation,Nagpur Maharashtra,https://www.startupindia.gov.in/content/sih/en/profile.Incubator.5f9b9d81e4b0b8210420706f.html,0,0
SBRR Mahajana First Grade College,Mysuru Karnataka,https://www.startupindia.gov.in/content/sih/en/profile.Incubator.5f93e8bce4b03d32765a508d.html,0,0
PERIYAR UNIVERSITY BUSINESS INCUBATION CONFEDERATION,Salem Tamil Nadu,https://www.startupindia.gov.in/content/sih/en/profile.Incubator.5f92c258e4b03d32765a12b4.html,0,0
New Age Innovation Network[NAIN]-Rao Bahadur Y Mahabaleshwarappa College Of Engineering -,Ballari Karnataka,https://www.startupindia.gov.in/content/sih/en/profile.Incubator.5f92bc88e4b03d32765a10bf.html,0,0
SIIE SRISTI BioNEST,Ahmedabad Gujarat,https://www.startupindia.gov.in/content/sih/en/profile.Incubator.5f8d7e46e4b03d327658d251.html,0,0
ARTILAB Foundation,Bengaluru Karnataka,https://www.startupindia.gov.in/content/sih/en/profile.Incubator.5f882e56e4b0cbc0da82547c.html,0,0
AIC CCRI CED,Bengaluru Karnataka,https://www.startupindia.gov.in/content/sih/en/profile.Incubator.5f881519e4b0cbc0da824ce4.html,0,0
SJCE NAIN,Mysuru Karnataka,https://www.startupindia.gov.in/content/sih/en/profile.Incubator.5f86d6c6e4b0cbc0da821556.html,0,0
MITE NAIN INCUBATION CENTER,Mangaluru Karnataka,https://www.startupindia.gov.in/content/sih/en/profile.Incubator.5f8694c9e4b0cbc0da82003b.html,0,0
AIC-SMU Technology Business Incubation Foundation (AIC-SMUTBI),Gangtok Sikkim,https://www.startupindia.gov.in/content/sih/en/profile.Incubator.5f745bc1e4b0cbc0da7e8c6e.html,0,0
IIMUIC,Udaipur Rajasthan,https://www.startupindia.gov.in/content/sih/en/profile.Incubator.5f6dc7a0e4b063729925d9cd.html,0,0
Technology Business Incubator - NIET,Noida Uttar Pradesh,https://www.startupindia.gov.in/content/sih/en/profile.Incubator.5f60639ce4b094dd1b6708eb.html,0,0
World Youth Heart Federation,Vadodara Gujarat,https://www.startupindia.gov.in/content/sih/en/profile.Incubator.5f5a7ed5e4b094dd1b65e513.html,0,0
Nexus Incubator Hub,New Delhi Delhi,https://www.startupindia.gov.in/content/sih/en/profile.Incubator.5f5896a3e4b094dd1b6571e7.html,0,0
DareToDream,New Delhi Delhi,https://www.startupindia.gov.in/content/sih/en/profile.Incubator.5f229586e4b0610341e9bd3d.html,0,0
IISU Incubation Centre,Jaipur Rajasthan,https://www.startupindia.gov.in/content/sih/en/profile.Incubator.5f04302ae4b022bc24fa7bed.html,0,0
Amit Singal,Gurugram Haryana,https://www.startupindia.gov.in/content/sih/en/profile.Incubator.5ec8bb66e4b0e7503397f6d3.html,0,0
StartupVisors,Delhi Delhi,https://www.startupindia.gov.in/content/sih/en/profile.Incubator.5eaff956e4b03286995c3891.html,0,0
AIC Nalanda Institute of Technology Foundation,Bhubaneswar Odisha,https://www.startupindia.gov.in/content/sih/en/profile.Incubator.5e9fa0e3e4b0363cb6332b39.html,0,0
IIMV Foundation for Incubation Entrepreneurial Learning and Development,Visakhapatnam Andhra Pradesh,https://www.startupindia.gov.in/content/sih/en/profile.Incubator.5e871f90e4b055bfaeaad856.html,0,0
Savli Technology and Business Incubator,Vadodara Gujarat,https://www.startupindia.gov.in/content/sih/en/profile.Incubator.5e871969e4b055bfaeaad7f3.html,0,0
Centre for Innovation & Entrepreneurship,Shivamogga Karnataka,https://www.startupindia.gov.in/content/sih/en/profile.Incubator.5e86b511e4b055bfaeaad11a.html,0,0
SPPU Research Park Foundation,Pune Maharashtra,https://www.startupindia.gov.in/content/sih/en/profile.Incubator.5e85f8e3e4b055bfaeaacd01.html,0,0
Samruddhi TBI Foundation,Sangli Maharashtra,https://www.startupindia.gov.in/content/sih/en/profile.Incubator.5e856a49e4b055bfaeaac369.html,0,0
MIT Pune TBI,Pune Maharashtra,https://www.startupindia.gov.in/content/sih/en/profile.Incubator.5e83838de4b055bfaeaaaf9e.html,0,0
BVCIE PATNA,Patna Bihar,https://www.startupindia.gov.in/content/sih/en/profile.Incubator.5e836b0ce4b055bfaeaaae4c.html,0,0
IIMT UNIVERSITY MEERUT,Meerut Uttar Pradesh,https://www.startupindia.gov.in/content/sih/en/profile.Incubator.5e8359b8e4b055bfaeaaacf0.html,0,0
MaDeIT Innovation Foundation,Chennai Tamil Nadu,https://www.startupindia.gov.in/content/sih/en/profile.Incubator.5e833e98e4b055bfaeaaaa83.html,0,0
NETRARIT FOUNDATION - NRiT,Sangli Maharashtra,https://www.startupindia.gov.in/content/sih/en/profile.Incubator.5e8330a5e4b055bfaeaaa93a.html,0,0
Technology Business Incubator Narula Institute of Technology,Kolkata West Bengal,https://www.startupindia.gov.in/content/sih/en/profile.Incubator.5e82fdd9e4b055bfaeaaa25f.html,0,0
Agri Business Incubation Society,Coimbatore Tamil Nadu,https://www.startupindia.gov.in/content/sih/en/profile.Incubator.5e82fa01e4b055bfaeaaa20a.html,0,0
Narayana Engineering College Gudur,Gudur Andhra Pradesh,https://www.startupindia.gov.in/content/sih/en/profile.Incubator.5e82f903e4b055bfaeaaa1e6.html,0,0
NIKHIL SHARMA,Gurugram Haryana,https://www.startupindia.gov.in/content/sih/en/profile.Incubator.5e82e9a8e4b055bfaeaaa07b.html,0,0
IMI Incubation Foundation,Bhubaneswar Odisha,https://www.startupindia.gov.in/content/sih/en/profile.Incubator.5e82e16ae4b055bfaeaa9f83.html,0,0
PSG-Science & Technology Entrepreneurial Park (PSG-STEP),Coimbatore Tamil Nadu,https://www.startupindia.gov.in/content/sih/en/profile.Incubator.5e8233f2e4b055bfaeaa9ac6.html,0,0
STARTUPS VALLEY AMAL JYOTHI TBI,Kottayam Kerala,https://www.startupindia.gov.in/content/sih/en/profile.Incubator.5e820cbbe4b055bfaeaa97d5.html,0,0
DPSRU,New Delhi Delhi,https://www.startupindia.gov.in/content/sih/en/profile.Incubator.5e81f121e4b055bfaeaa95d1.html,0,0
Centre for Incubation and Business Acceleration,Marmagao Goa,https://www.startupindia.gov.in/content/sih/en/profile.Incubator.5e81cb7be4b055bfaeaa9286.html,0,0
IGNITE - Incubator & Co-Working Space,Ahmedabad Gujarat,https://www.startupindia.gov.in/content/sih/en/profile.Incubator.5e81ab4de4b055bfaeaa8fae.html,0,0
METTUPALAYAM AGROFORESTRY BUSINESS INCUBATION FORUM,Coimbatore Tamil Nadu,https://www.startupindia.gov.in/content/sih/en/profile.Incubator.5e81aa04e4b055bfaeaa8f8d.html,0,0
GUWAHATI BIOTECH PARK,Guwahati Assam,https://www.startupindia.gov.in/content/sih/en/profile.Incubator.5e81a841e4b055bfaeaa8f55.html,0,0
Society for Innovation in Entrepreneurship and Dairying (SINED) Technology Business Incubator,Karnal Haryana,https://www.startupindia.gov.in/content/sih/en/profile.Incubator.5e81a252e4b055bfaeaa8e9a.html,0,0
AIC CCMB,Hyderabad Telangana,https://www.startupindia.gov.in/content/sih/en/profile.Incubator.5e819f97e4b055bfaeaa8e36.html,0,0
Sir Padampat Singhania University Business Incubator,Udaipur Rajasthan,https://www.startupindia.gov.in/content/sih/en/profile.Incubator.5e816035e4b055bfaeaa8a2f.html,0,0
IIITD Innovation & Incubation Center,New Delhi Delhi,https://www.startupindia.gov.in/content/sih/en/profile.Incubator.5e80d2dbe4b055bfaeaa852e.html,0,0
GUWAHATI BIOTECH PARK,Guwahati Assam,https://www.startupindia.gov.in/content/sih/en/profile.Incubator.5e80cce3e4b055bfaeaa84ab.html,0,0
NABARD MABIF,Madurai Tamil Nadu,https://www.startupindia.gov.in/content/sih/en/profile.Incubator.5e80214ae4b055bfaeaa4899.html,0,0
RCOEM TBI FOUNDATION,Nagpur Maharashtra,https://www.startupindia.gov.in/content/sih/en/profile.Incubator.5e7f901be4b055bfaeaa444a.html,0,0
Propel @ BML Munjal University,Gurugram Haryana,https://www.startupindia.gov.in/content/sih/en/profile.Incubator.5e7e87e1e4b055bfaeaa2f30.html,0,0
AIHT-TBI,Chennai Tamil Nadu,https://www.startupindia.gov.in/content/sih/en/profile.Incubator.5e7e51bee4b055bfaeaa2e30.html,0,0
NASSCOM Center of Excellence - IoT & AI,Gurugram Haryana,https://www.startupindia.gov.in/content/sih/en/profile.Incubator.5e7cb5bde4b055bfaeaa1393.html,0,0
DIT Technology Business Incubator,Dehradun Uttarakhand,https://www.startupindia.gov.in/content/sih/en/profile.Incubator.5e7c540ce4b055bfaeaa08aa.html,0,0
NATIONAL RESEARCH DEVELOPEMENT CORPORATION NEW DELHI,New Delhi Delhi,https://www.startupindia.gov.in/content/sih/en/profile.Incubator.5e79d9d4e4b055bfaea9f49d.html,0,0
SSIIETBI2017,Tirupati Andhra Pradesh,https://www.startupindia.gov.in/content/sih/en/profile.Incubator.5e7854dee4b055bfaea9e6bc.html,0,0
Atal Incubation Center IIITKottaym,Palai Kerala,https://www.startupindia.gov.in/content/sih/en/profile.Incubator.5e77b425e4b055bfaea9e459.html,0,0
Centre for Innovation and Agripreneurship,Hyderabad Telangana,https://www.startupindia.gov.in/content/sih/en/profile.Incubator.5e7799a7e4b055bfaea9e398.html,0,0
Sign-In Business Incubator,Siliguri West Bengal,https://www.startupindia.gov.in/content/sih/en/profile.Incubator.5e749971e4b055bfaea9c0d4.html,0,0
Integrated Socio-Economic Development Services (ISED Services),Bhopal Madhya Pradesh,https://www.startupindia.gov.in/content/sih/en/profile.Incubator.5e747ecbe4b055bfaea9bf0a.html,0,0
NSRCEL,Bengaluru Karnataka,https://www.startupindia.gov.in/content/sih/en/profile.Incubator.5e746a0ce4b055bfaea9bd64.html,0,0
AIC ALEAP,Hyderabad Telangana,https://www.startupindia.gov.in/content/sih/en/profile.Incubator.5e708224e4b007bcd458d776.html,0,0
AGBI,Chennai Tamil Nadu,https://www.startupindia.gov.in/content/sih/en/profile.Incubator.5e6f060ee4b0bf8415d23c69.html,0,0
Atal Incubation Centre - EMPI,New Delhi Delhi,https://www.startupindia.gov.in/content/sih/en/profile.Incubator.5e6b79eee4b0bf8415d21390.html,0,0
Malaviya Centre for Innovation Incubation and Entrepreneurship,Varanasi Uttar Pradesh,https://www.startupindia.gov.in/content/sih/en/profile.Incubator.5e6b6743e4b0bf8415d2112a.html,0,0
Electropreneur Park (EP) Bhubaneswar,Bhubaneswar Odisha,https://www.startupindia.gov.in/content/sih/en/profile.Incubator.5e6b5dd2e4b0bf8415d20fd0.html,0,0
Bangalore Bioinnovation Centre,Bengaluru Karnataka,https://www.startupindia.gov.in/content/sih/en/profile.Incubator.5e6b4eb4e4b0bf8415d20dba.html,0,0
NEURON Coe,Mohali Punjab,https://www.startupindia.gov.in/content/sih/en/profile.Incubator.5e6b25bfe4b0bf8415d2084c.html,0,0
STPI Gurugram,Gurugram Haryana,https://www.startupindia.gov.in/content/sih/en/profile.Incubator.5e6a3068e4b0bf8415d1fcf9.html,0,0
SAURJYA RANJAN PATRA,Bhubaneswar Odisha,https://www.startupindia.gov.in/content/sih/en/profile.Incubator.5e6a1fc4e4b0bf8415d1fa07.html,0,0
SmartAgri,Patna Bihar,https://www.startupindia.gov.in/content/sih/en/profile.Incubator.5e6a1a1ae4b0bf8415d1f95f.html,0,0
MOTION,Pune Maharashtra,https://www.startupindia.gov.in/content/sih/en/profile.Incubator.5e6a1241e4b0bf8415d1f83f.html,0,0
MedTech- A Centre of Excellence in MediElectronics & Health Informatics by STPI,Lucknow Uttar Pradesh,https://www.startupindia.gov.in/content/sih/en/profile.Incubator.5e6a0efee4b0bf8415d1f559.html,0,0
ABI ICRISAT,Hyderabad Telangana,https://www.startupindia.gov.in/content/sih/en/profile.Incubator.5e69f58ee4b0bf8415d1f1fd.html,0,0
AIC ADT BARAMATI FOUNDATION,Baramati Maharashtra,https://www.startupindia.gov.in/content/sih/en/profile.Incubator.5e688811e4b0bf8415d1d650.html,0,0
Karunya Technology Business Incubation Park,Coimbatore Tamil Nadu,https://www.startupindia.gov.in/content/sih/en/profile.Incubator.5e6484c7e4b0bf8415d1a222.html,0,0
SANDIP Incubator Association,Nashik Maharashtra,https://www.startupindia.gov.in/content/sih/en/profile.Incubator.5e633e38e4b0bf8415d18ff2.html,0,0
SR Foundation,Warangal Telangana,https://www.startupindia.gov.in/content/sih/en/profile.Incubator.5e60d002e4b0bf8415d157ba.html,0,0
Centre for Innovation Incubation and Business Modelling,Jammu Jammu and Kashmir,https://www.startupindia.gov.in/content/sih/en/profile.Incubator.5e60a55de4b0bf8415d15337.html,0,0
Center for Healthcare Entrepreneurship,Hyderabad Telangana,https://www.startupindia.gov.in/content/sih/en/profile.Incubator.5e5df94be4b0bf8415d11ff7.html,0,0
UPES Council for Innovation and Entrepreneurship,Dehradun Uttarakhand,https://www.startupindia.gov.in/content/sih/en/profile.Incubator.5e5b4881e4b0bf8415d0ee99.html,0,0
Aiclmcp Foundation,Ahmedabad Gujarat,https://www.startupindia.gov.in/content/sih/en/profile.Incubator.5e50deb2e4b0bf8415d01070.html,0,0
Kalasalingam Academy of Research and Education,Srivilliputhur Tamil Nadu,https://www.startupindia.gov.in/content/sih/en/profile.Incubator.5e4d21bae4b0bf8415cfc24c.html,0,0
University Innovation Cluster University of Rajasthan,Jaipur Rajasthan,https://www.startupindia.gov.in/content/sih/en/profile.Incubator.5e4ce215e4b0bf8415cfb914.html,0,0
EDII Trichy Agribusiness Incubation Forum,Tiruchirappalli Tamil Nadu,https://www.startupindia.gov.in/content/sih/en/profile.Incubator.5e4b70c0e4b0bf8415cf9312.html,0,0
ANKURGECA INCUBATION CENTRE FOUNDATION,Aurangabad Maharashtra,https://www.startupindia.gov.in/content/sih/en/profile.Incubator.5e4a9861e4b0bf8415cf8b2d.html,0,0
IKSC,Gurugram Haryana,https://www.startupindia.gov.in/content/sih/en/profile.Incubator.5e4a8e40e4b0bf8415cf8a7b.html,0,0
NIPER Guwahati,Guwahati Assam,https://www.startupindia.gov.in/content/sih/en/profile.Incubator.5e4a7647e4b0bf8415cf87bc.html,0,0
G H Raisoni Technology Business Incubator Foundation,Nagpur Maharashtra,https://www.startupindia.gov.in/content/sih/en/profile.Incubator.5e4a6c78e4b0bf8415cf868b.html,0,0
BioNEST Panjab University,Chandigarh Chandigarh,https://www.startupindia.gov.in/content/sih/en/profile.Incubator.5e497a53e4b0bf8415cf6fc3.html,0,0
BĀLIMICORP EPL,Hyderabad Telangana,https://www.startupindia.gov.in/content/sih/en/profile.Incubator.5e426846e4b00af98432be4a.html,0,0
INNOVATION AND INCUBATION CENTRE FOR ENTREPRENEURSHIP,Bhopal Madhya Pradesh,https://www.startupindia.gov.in/content/sih/en/profile.Incubator.5e412ef5e4b0bf34fcfb2041.html,0,0
eMERG INDIA,Bengaluru Karnataka,https://www.startupindia.gov.in/content/sih/en/profile.Incubator.5e4103f5e4b0bf34fcfb1a44.html,0,0
Karpagam Technology Business Incubator,Coimbatore Tamil Nadu,https://www.startupindia.gov.in/content/sih/en/profile.Incubator.5e3e8b4de4b0bf34fcfafc1e.html,0,0
Headstart Network Foundation,Bengaluru Karnataka,https://www.startupindia.gov.in/content/sih/en/profile.Incubator.5e3e678ae4b0bf34fcfaf8fa.html,0,0
HBF DIRECT LIMITED,Noida Uttar Pradesh,https://www.startupindia.gov.in/content/sih/en/profile.Incubator.5e3bc5b2e4b0bf34fcfa9632.html,0,0
Aventureux,Mumbai Maharashtra,https://www.startupindia.gov.in/content/sih/en/profile.Incubator.5e3aaec8e4b0bf34fcfa8709.html,0,0
IIM Kashipur Foundation for Innovation & Entrepreneurship Development,Kashipur Uttarakhand,https://www.startupindia.gov.in/content/sih/en/profile.Incubator.5e33be4ee4b0bf34fcf9e3d0.html,63,73
ALPINO,New Delhi Delhi,https://www.startupindia.gov.in/content/sih/en/profile.Incubator.5e318c92e4b0bf34fcf9c509.html,0,0
ALPINO,Delhi Delhi,https://www.startupindia.gov.in/content/sih/en/profile.Incubator.5e30371ae4b0981e90be72f2.html,0,0
Nashik Engineering Cluster,Nashik Maharashtra,https://www.startupindia.gov.in/content/sih/en/profile.Incubator.5e2fd003e4b0981e90be652e.html,0,0
Punjab Agri Business Incubator,Ludhiana Punjab,https://www.startupindia.gov.in/content/sih/en/profile.Incubator.5e2eac92e4b0981e90be5294.html,0,0
SuryaKranti Solar Challenge,Perumbavoor Kerala,https://www.startupindia.gov.in/content/sih/en/profile.Incubator.5e2d4ca4e4b0978ef9bf8a13.html,0,0
Nesco Foundation for Innovation and Development,Anand Gujarat,https://www.startupindia.gov.in/content/sih/en/profile.Incubator.5e257057e4b0978ef9bef8d4.html,0,0
ICOT Incubation Center - Bhopal,Bhopal Madhya Pradesh,https://www.startupindia.gov.in/content/sih/en/profile.Incubator.5e23d324e4b0978ef9beda4d.html,0,0
NetEdge Incublator,Noida Uttar Pradesh,https://www.startupindia.gov.in/content/sih/en/profile.Incubator.5e23104fe4b0978ef9bed4f7.html,0,0
Entrepreneurs Association of India,New Delhi Delhi,https://www.startupindia.gov.in/content/sih/en/profile.Incubator.5e218f26e4b0978ef9bebca4.html,0,0
Entrepreneurs Association of India,Mumbai Maharashtra,https://www.startupindia.gov.in/content/sih/en/profile.Incubator.5e2097cae4b0978ef9be9e99.html,0,0
Mohammad Najmuzzaman,Bengaluru Karnataka,https://www.startupindia.gov.in/content/sih/en/profile.Incubator.5e201cc5e4b0978ef9be7e3e.html,0,0
Villgro innovations foundation,Chennai Tamil Nadu,https://www.startupindia.gov.in/content/sih/en/profile.Incubator.5e1f30ede4b0978ef9be2747.html,0,0
India Accelerator,Gurugram Haryana,https://www.startupindia.gov.in/content/sih/en/profile.Incubator.5e1da847e4b04bc11ecdd92f.html,0,0
IVRI Pashu Vigyan Incubator,Bareilly Uttar Pradesh,https://www.startupindia.gov.in/content/sih/en/profile.Incubator.5e1c6d10e4b04bc11ecd66b8.html,0,0
Arpan Bohra,Hyderabad Telangana,https://www.startupindia.gov.in/content/sih/en/profile.Incubator.5e19a6dbe4b0cb88a1d4bc81.html,0,0
AICRA,Delhi Delhi,https://www.startupindia.gov.in/content/sih/en/profile.Incubator.5e183f29e4b0d77eb74a1136.html,0,0
MONYARUN,Chennai Tamil Nadu,https://www.startupindia.gov.in/content/sih/en/profile.Incubator.5e15f842e4b0d77eb7498252.html,0,0
AIC MAHAMANA FOUNDATION FOR INNOVATION AND ENTREPRENEURSHIP IM BHU,Varanasi Uttar Pradesh,https://www.startupindia.gov.in/content/sih/en/profile.Incubator.5e1599c9e4b0d77eb7496ba3.html,0,0
AIC-AMTZ MediValley,Visakhapatnam Andhra Pradesh,https://www.startupindia.gov.in/content/sih/en/profile.Incubator.5e158208e4b0d77eb74963c5.html,0,0
IITM INCUBATION CELL,Chennai Tamil Nadu,https://www.startupindia.gov.in/content/sih/en/profile.Incubator.5e146aede4b0ea02f54cfc43.html,0,0
Western Digital,Bengaluru Karnataka,https://www.startupindia.gov.in/content/sih/en/profile.Incubator.5e142303e4b0ea02f54ce28c.html,0,0
Techno Hub,Jaipur Rajasthan,https://www.startupindia.gov.in/content/sih/en/profile.Incubator.5e130b32e4b0ea02f54c899c.html,0,0
StartUP Conclave,Nagpur Maharashtra,https://www.startupindia.gov.in/content/sih/en/profile.Incubator.5e11e28ae4b09d3f89a25f47.html,0,0
Gujarat Technological University Innovation and Startup Centre,Ahmedabad Gujarat,https://www.startupindia.gov.in/content/sih/en/profile.Incubator.5e10656ee4b09d3f89a24d6a.html,0,0
PARASMANI FOUNDATION,Siliguri West Bengal,https://www.startupindia.gov.in/content/sih/en/profile.Incubator.5e0f51a0e4b09d3f89a23ad1.html,0,0
Chandragupt Institute of Management Patna (CIMP),Patna Bihar,https://www.startupindia.gov.in/content/sih/en/profile.Incubator.5e0e29ffe4b09d3f89a1dbe3.html,0,0
AIC ADT BARAMATI FOUNDATION,Baramati Maharashtra,https://www.startupindia.gov.in/content/sih/en/profile.Incubator.5e0b268ce4b06e4d20132e78.html,0,0
Malabar Innovation Entreprenuership Zone,Kannur Kerala,https://www.startupindia.gov.in/content/sih/en/profile.Incubator.5e0b160ee4b06e4d20132825.html,0,0
Dream Hatcher Incubation Center,Gwalior Madhya Pradesh,https://www.startupindia.gov.in/content/sih/en/profile.Incubator.5e0b04e6e4b06e4d201321c3.html,0,0
Jawahar RABI,Jabalpur Madhya Pradesh,https://www.startupindia.gov.in/content/sih/en/profile.Incubator.5e0add1be4b06e4d20130516.html,0,0
PDEU Innovation and Incubation Centre,Ahmedabad Gujarat,https://www.startupindia.gov.in/content/sih/en/profile.Incubator.5e09e942e4b06e4d2012b1c5.html,0,0
Huddle,Gurugram Haryana,https://www.startupindia.gov.in/content/sih/en/profile.Incubator.5e098913e4b098d21eef7218.html,0,0
Jabalpur Incubation Center,Jabalpur Madhya Pradesh,https://www.startupindia.gov.in/content/sih/en/profile.Incubator.5e09777fe4b098d21eef644d.html,0,0
Womenergy Association of Incubators in Manufacturing,Hyderabad Telangana,https://www.startupindia.gov.in/content/sih/en/profile.Incubator.5e089bbae4b098d21eef29d8.html,0,0
Pilani Innovation & Entrepreneurship Development Society,Pilani Rajasthan,https://www.startupindia.gov.in/content/sih/en/profile.Incubator.5e07365ce4b098d21eef02f8.html,0,0
Technopark Technology Business Incubator,Thiruvananthapuram Kerala,https://www.startupindia.gov.in/content/sih/en/profile.Incubator.5e06d7cee4b098d21eeed0b2.html,0,0
wehub,Hyderabad Telangana,https://www.startupindia.gov.in/content/sih/en/profile.Incubator.5e05bad4e4b0e5b992226bf2.html,0,0
Veltech TBI,Chennai Tamil Nadu,https://www.startupindia.gov.in/content/sih/en/profile.Incubator.5e04a27ce4b02f31768f8b33.html,0,0
91springboard EIC,Bengaluru Karnataka,https://www.startupindia.gov.in/content/sih/en/profile.Incubator.5e0486c9e4b02f31768f8320.html,0,0
Darius Chinoy,New Delhi Delhi,https://www.startupindia.gov.in/content/sih/en/profile.Incubator.5e047fb8e4b02f31768f7f82.html,0,0
Venture Catalysts,Mumbai Maharashtra,https://www.startupindia.gov.in/content/sih/en/profile.Incubator.5e047139e4b02f31768f7986.html,0,0
Krishik Agri Business Incubator,Hubli-Dharwad Karnataka,https://www.startupindia.gov.in/content/sih/en/profile.Incubator.5e01aed4e4b02f31768e710c.html,0,0
GLF Business School,Kolkata West Bengal,https://www.startupindia.gov.in/content/sih/en/profile.Incubator.5e009940e4b02f31768e1439.html,0,0
Sri Jayachamarajendra College of Engineering – Science & Technology Entrepreneurs Park (SJCE-STEP),Mysuru Karnataka,https://www.startupindia.gov.in/content/sih/en/profile.Incubator.5e009232e4b02f31768e12f3.html,0,0
AIC Banasthali Vidyapith Foundation,Jaipur Rajasthan,https://www.startupindia.gov.in/content/sih/en/profile.Incubator.5e00827ce4b02f31768e101d.html,0,0
NASSCOM COE IOT,Bengaluru Karnataka,https://www.startupindia.gov.in/content/sih/en/profile.Incubator.5dfc8228e4b0265274432681.html,0,0
AIC Sangam,Gurugram Haryana,https://www.startupindia.gov.in/content/sih/en/profile.Incubator.5dfc7811e4b0265274432538.html,0,0
TIDES Business Incubator,Roorkee Uttarakhand,https://www.startupindia.gov.in/content/sih/en/profile.Incubator.5dfb2f0be4b026527442e79e.html,0,0
REVA NEST,Bengaluru Karnataka,https://www.startupindia.gov.in/content/sih/en/profile.Incubator.5dfb0b87e4b026527442cf80.html,0,0
CPDMED TBI IISc,Bengaluru Karnataka,https://www.startupindia.gov.in/content/sih/en/profile.Incubator.5dfa66cae4b0265274429d39.html,0,0
Chitkara Innovation Incubator Foundation,Chandigarh Chandigarh,https://www.startupindia.gov.in/content/sih/en/profile.Incubator.5df8adbfe4b07a78d9cdd107.html,0,0
ASPIRE-BioNEST,Hyderabad Telangana,https://www.startupindia.gov.in/content/sih/en/profile.Incubator.5df8ac3ee4b07a78d9cdd0c2.html,0,0
SSIIE-TBI,Tirupati Andhra Pradesh,https://www.startupindia.gov.in/content/sih/en/profile.Incubator.5df87c76e4b07a78d9cda39f.html,0,0
DE Entrepreneurs Club,Zirakpur Punjab,https://www.startupindia.gov.in/content/sih/en/profile.Incubator.5df7c14ce4b07a78d9cd5d24.html,0,0
CIE at IIITH,Hyderabad Telangana,https://www.startupindia.gov.in/content/sih/en/profile.Incubator.5dee0a0fe4b04e0095278d68.html,0,0
SR FOUNDATION,Warangal Telangana,https://www.startupindia.gov.in/content/sih/en/profile.Incubator.5ded18aae4b04e0095278529.html,0,0
Jodhpur Handicrafts Exporters Association,Jodhpur Rajasthan,https://www.startupindia.gov.in/content/sih/en/profile.Incubator.5dea361be4b04e0095276335.html,0,0
GNLU Legal Incubation Council,Ahmedabad Gujarat,https://www.startupindia.gov.in/content/sih/en/profile.Incubator.5de9ec51e4b04e0095275aff.html,0,0
ABES ENGINEERING COLLEGE GHAZIABAD,Ghaziabad Uttar Pradesh,https://www.startupindia.gov.in/content/sih/en/profile.Incubator.5de9dfb8e4b04e0095275a20.html,0,0
IIMCalcutta Innovation Park,Kolkata West Bengal,https://www.startupindia.gov.in/content/sih/en/profile.Incubator.5de7ad62e4b0a2c0e8cf30b4.html,0,0
Gujarat University Startup & Entrepreneurship Council (GUSEC),Ahmedabad Gujarat,https://www.startupindia.gov.in/content/sih/en/profile.Incubator.5de6167ee4b0d785f8424fdb.html,0,0
JITO Incubation and Innovation Foundation,Mumbai Maharashtra,https://www.startupindia.gov.in/content/sih/en/profile.Incubator.5ddfbc4de4b0d785f841e8c5.html,0,0
STPI,Mohali Punjab,https://www.startupindia.gov.in/content/sih/en/profile.Incubator.5dc947ace4b0e286cdc6f200.html,0,0
Foundation for Innovation and Technology Transfer,New Delhi Delhi,https://www.startupindia.gov.in/content/sih/en/profile.Incubator.5dc4fe9de4b0437dbc487082.html,0,0
Sathyabama TBI,Chennai Tamil Nadu,https://www.startupindia.gov.in/content/sih/en/profile.Incubator.5dc247ede4b099d3a8eb06cb.html,0,0
SPTBI,Mumbai Maharashtra,https://www.startupindia.gov.in/content/sih/en/profile.Incubator.5dbd6da7e4b099d3a8eac54a.html,0,0
Global VC,Margao Goa,https://www.startupindia.gov.in/content/sih/en/profile.Incubator.5db2d502e4b0a15423acddcb.html,0,0
CVRCE Technology Incubation Foundation,Bhubaneswar Odisha,https://www.startupindia.gov.in/content/sih/en/profile.Incubator.5db18eb3e4b0a15423acccac.html,0,0
Rungta Business Incubator (RUBI),Durg Chhattisgarh,https://www.startupindia.gov.in/content/sih/en/profile.Incubator.5db148c1e4b08fc2aba5d2cb.html,0,0
T-Hub Foundation,Hyderabad Telangana,https://www.startupindia.gov.in/content/sih/en/profile.Incubator.5da6b5bfe4b0fdee1a8d5cba.html,0,0
Thestartupxpress,Ahmedabad Gujarat,https://www.startupindia.gov.in/content/sih/en/profile.Incubator.5da57d80e4b0fdee1a8d44f2.html,0,0
Innovation Incubator Advisory Pvt Ltd,Thiruvananthapuram Kerala,https://www.startupindia.gov.in/content/sih/en/profile.Incubator.5d9ef445e4b0fdee1a8cab4d.html,0,0
Founderpassion Foundation,Coimbatore Tamil Nadu,https://www.startupindia.gov.in/content/sih/en/profile.Incubator.5d9cafbde4b0fdee1a8c4474.html,0,0
Unicorn Nest,New Delhi Delhi,https://www.startupindia.gov.in/content/sih/en/profile.Incubator.5d95ea87e4b05eaf4e0d5aa2.html,0,0
Level212 coworks LLP,Pune Maharashtra,https://www.startupindia.gov.in/content/sih/en/profile.Incubator.5d94b1bfe4b05eaf4e0d4668.html,0,0
Pillai Center of Innovation and Entrepreneurship,Navi Mumbai Maharashtra,https://www.startupindia.gov.in/content/sih/en/profile.Incubator.5d87747be4b05eaf4e0c6deb.html,0,0
Supreme Incubator,New Delhi Delhi,https://www.startupindia.gov.in/content/sih/en/profile.Incubator.5d739677e4b0fad8ed6be939.html,0,0
AIC IIITKottayam,Palai Kerala,https://www.startupindia.gov.in/content/sih/en/profile.Incubator.5d72296be4b0fad8ed6bc941.html,0,0
Startup Incubation and Innovation Centre IITK,Kanpur Uttar Pradesh,https://www.startupindia.gov.in/content/sih/en/profile.Incubator.5d6cfa85e4b0f86f4a0e745a.html,0,0
FOUNDERS CUBE COWORK INCUBATION PRIVATE LIMITED,Bengaluru Karnataka,https://www.startupindia.gov.in/content/sih/en/profile.Incubator.5d6cf350e4b0f86f4a0e738e.html,0,0
KIIT Technology Business Incubator,Bhubaneswar Odisha,https://www.startupindia.gov.in/content/sih/en/profile.Incubator.5d47e588e4b034c3410403ec.html,0,0
CIIE Initiatives,Ahmedabad Gujarat,https://www.startupindia.gov.in/content/sih/en/profile.Incubator.5d3fe2b3e4b034c34103118f.html,0,0
Atal Incubation Centre - Shiv Nadar University,Noida Uttar Pradesh,https://www.startupindia.gov.in/content/sih/en/profile.Incubator.5d3fdf0ce4b034c341030acb.html,28,11
AIC ISB,Mohali Punjab,https://www.startupindia.gov.in/content/sih/en/profile.Incubator.5d3a9acee4b03beb136075fd.html,0,0
SCTIMST-TIMed,Thiruvananthapuram Kerala,https://www.startupindia.gov.in/content/sih/en/profile.Incubator.5d302f20e4b03beb135f0a7e.html,0,0
JEPPIER Engineering college,Arakkonam Tamil Nadu,https://www.startupindia.gov.in/content/sih/en/profile.Incubator.5d2f668ae4b03beb135efc32.html,0,0
Guntur Engineering College,Adoni Andhra Pradesh,https://www.startupindia.gov.in/content/sih/en/profile.Incubator.5d2f6687e4b03beb135efc2f.html,0,0
Knowledge Institute of Technologuy,Arakkonam Tamil Nadu,https://www.startupindia.gov.in/content/sih/en/profile.Incubator.5d2f6683e4b03beb135efc2c.html,0,0
SNS College of Engineering,Arakkonam Tamil Nadu,https://www.startupindia.gov.in/content/sih/en/profile.Incubator.5d2f6680e4b03beb135efc29.html,0,0
Mahendra Engineering College,Arakkonam Tamil Nadu,https://www.startupindia.gov.in/content/sih/en/profile.Incubator.5d2f6679e4b03beb135efc23.html,0,0
Zonal Technology Management Business Planning and Development Unit IARI,Delhi Delhi,https://www.startupindia.gov.in/content/sih/en/profile.Incubator.5d2f6676e4b03beb135efc20.html,0,0
Xavier Research Foundation Loyola Centre for Research and Development St Xaviers College,Adalaj Gujarat,https://www.startupindia.gov.in/content/sih/en/profile.Incubator.5d2f6674e4b03beb135efc1d.html,0,0
Vivekanand Institute of Biotechnology,Adra West Bengal,https://www.startupindia.gov.in/content/sih/en/profile.Incubator.5d2f6670e4b03beb135efc1a.html,0,0
VINAYAKA MISSIONS KIRUPANANDA VARIYAR ENGINEERING COLLEGE,Arakkonam Tamil Nadu,https://www.startupindia.gov.in/content/sih/en/profile.Incubator.5d2f666de4b03beb135efc17.html,0,0
Technopark Technology Business Incubator T-TBI Park Centre Technopark,Adoor Kerala,https://www.startupindia.gov.in/content/sih/en/profile.Incubator.5d2f6658e4b03beb135efc05.html,0,0
Technology Business Incubator - KIET Group of Institution,Ghaziabad Uttar Pradesh,https://www.startupindia.gov.in/content/sih/en/profile.Incubator.5d2f6655e4b03beb135efc02.html,0,0
Tamilnadu Agriculture University,Arakkonam Tamil Nadu,https://www.startupindia.gov.in/content/sih/en/profile.Incubator.5d2f6652e4b03beb135efbff.html,0,0
Science and Technology Entrepreneurs Park STEP Harcourt Butler Technological Institute H.B.T.I.,Achhnera Uttar Pradesh,https://www.startupindia.gov.in/content/sih/en/profile.Incubator.5d2f6640e4b03beb135efbed.html,0,0
Sardar Vallabhbhai National Institute of Technology,Adalaj Gujarat,https://www.startupindia.gov.in/content/sih/en/profile.Incubator.5d2f663de4b03beb135efbea.html,0,0
Rural Technology Business Incubator RTBI,Arakkonam Tamil Nadu,https://www.startupindia.gov.in/content/sih/en/profile.Incubator.5d2f663be4b03beb135efbe7.html,0,0
PSG College of Technology Science Technology Entrepreneurial Park,Arakkonam Tamil Nadu,https://www.startupindia.gov.in/content/sih/en/profile.Incubator.5d2f662ee4b03beb135efbd8.html,0,0
NOIDA INSTUTUTE OF ENGINERING TECHNOLOGY,Achhnera Uttar Pradesh,https://www.startupindia.gov.in/content/sih/en/profile.Incubator.5d2f6626e4b03beb135efbcf.html,0,0
NIFT-TEA College of Knitwear Fashion East of TEKIC,Arakkonam Tamil Nadu,https://www.startupindia.gov.in/content/sih/en/profile.Incubator.5d2f661ee4b03beb135efbc6.html,0,0
National Design BusinessIncubatorNIIDNational Institute of Design NID,Adalaj Gujarat,https://www.startupindia.gov.in/content/sih/en/profile.Incubator.5d2f661ae4b03beb135efbc3.html,0,0
Nagaland Mini Tool Room Training Centre New Industrial Estate,Dimapur Nagaland,https://www.startupindia.gov.in/content/sih/en/profile.Incubator.5d2f6617e4b03beb135efbc0.html,0,0
Modern Engineering Management Studies,Balangir Odisha,https://www.startupindia.gov.in/content/sih/en/profile.Incubator.5d2f6615e4b03beb135efbbd.html,0,0
MITCON Consultancy and Engineering Services Ltd.,Achalpur Maharashtra,https://www.startupindia.gov.in/content/sih/en/profile.Incubator.5d2f6612e4b03beb135efbba.html,0,0
MEPCO SCHLENK EngineeringCollege,Arakkonam Tamil Nadu,https://www.startupindia.gov.in/content/sih/en/profile.Incubator.5d2f660fe4b03beb135efbb7.html,0,0
Manipal Institute of Technology,Adyar Karnataka,https://www.startupindia.gov.in/content/sih/en/profile.Incubator.5d2f660ce4b03beb135efbb4.html,0,0
Management Studies Research Centre,Adityapur Jharkhand,https://www.startupindia.gov.in/content/sih/en/profile.Incubator.5d2f660ae4b03beb135efbb1.html,0,0
Malviya National Instituteof Technology,Ajmer Rajasthan,https://www.startupindia.gov.in/content/sih/en/profile.Incubator.5d2f6607e4b03beb135efbae.html,0,0
Malla Reddy College of Engineering Technology,Adilabad Telangana,https://www.startupindia.gov.in/content/sih/en/profile.Incubator.5d2f6605e4b03beb135efbab.html,0,0
Mahatma Gandhi Institute for Rural Industrialization,Achalpur Maharashtra,https://www.startupindia.gov.in/content/sih/en/profile.Incubator.5d2f6602e4b03beb135efba8.html,0,0
M.S. Ramaiah School of Advance Studies,Adyar Karnataka,https://www.startupindia.gov.in/content/sih/en/profile.Incubator.5d2f65ffe4b03beb135efba5.html,0,0
Krishna Engineering College,Achhnera Uttar Pradesh,https://www.startupindia.gov.in/content/sih/en/profile.Incubator.5d2f65fde4b03beb135efba2.html,0,0
Konark Institute of Science Technology,Balangir Odisha,https://www.startupindia.gov.in/content/sih/en/profile.Incubator.5d2f65fae4b03beb135efb9f.html,0,0
K.L.N. COLLEGE OF ENGINEERING,Arakkonam Tamil Nadu,https://www.startupindia.gov.in/content/sih/en/profile.Incubator.5d2f65f7e4b03beb135efb9c.html,0,0
Jadavpur University,Adra West Bengal,https://www.startupindia.gov.in/content/sih/en/profile.Incubator.5d2f65f4e4b03beb135efb99.html,0,0
J.N.T.U.H. College of Engineering Hyderabad Jawaharlal Nehru Technological University,Adilabad Telangana,https://www.startupindia.gov.in/content/sih/en/profile.Incubator.5d2f65f1e4b03beb135efb96.html,0,0
Institute for Autoparts Hand Tools Technology,Amritsar Punjab,https://www.startupindia.gov.in/content/sih/en/profile.Incubator.5d2f65ece4b03beb135efb90.html,0,0
Indian School of Mines,Adityapur Jharkhand,https://www.startupindia.gov.in/content/sih/en/profile.Incubator.5d2f65e9e4b03beb135efb8d.html,0,0
Indian Institute of Technology BHU,Achhnera Uttar Pradesh,https://www.startupindia.gov.in/content/sih/en/profile.Incubator.5d2f65e7e4b03beb135efb8a.html,0,0
Inderprasth Engineering college,Achhnera Uttar Pradesh,https://www.startupindia.gov.in/content/sih/en/profile.Incubator.5d2f65e3e4b03beb135efb87.html,0,0
IMS Engineering College,Ghaziabad Uttar Pradesh,https://www.startupindia.gov.in/content/sih/en/profile.Incubator.5d2f65e1e4b03beb135efb84.html,0,0
IKP Knowledge Park (erstwhile ICICI Knowledge Park),Adilabad Telangana,https://www.startupindia.gov.in/content/sih/en/profile.Incubator.5d2f65dee4b03beb135efb81.html,0,0
GMR Institute of Technology,Adoni Andhra Pradesh,https://www.startupindia.gov.in/content/sih/en/profile.Incubator.5d2f65cce4b03beb135efb6c.html,0,0
Gandhi Institution of Management Studies,Balangir Odisha,https://www.startupindia.gov.in/content/sih/en/profile.Incubator.5d2f65c9e4b03beb135efb69.html,0,0
Er. Perumal Manimekalai College of Engineering,Arakkonam Tamil Nadu,https://www.startupindia.gov.in/content/sih/en/profile.Incubator.5d2f65c4e4b03beb135efb63.html,0,0
Dr. MGR Educational Research Institute University,Arakkonam Tamil Nadu,https://www.startupindia.gov.in/content/sih/en/profile.Incubator.5d2f65c1e4b03beb135efb60.html,0,0
Dept of management Studies IITMadras,Arakkonam Tamil Nadu,https://www.startupindia.gov.in/content/sih/en/profile.Incubator.5d2f65bee4b03beb135efb5d.html,0,0
Cluster Innovation Centre,Delhi Delhi,https://www.startupindia.gov.in/content/sih/en/profile.Incubator.5d2f65afe4b03beb135efb4e.html,0,0
Central Institute of Plastic Engineering Technology,Achhnera Uttar Pradesh,https://www.startupindia.gov.in/content/sih/en/profile.Incubator.5d2f65a6e4b03beb135efb48.html,0,0
C.V.Raman College of Engineering,Balangir Odisha,https://www.startupindia.gov.in/content/sih/en/profile.Incubator.5d2f65a3e4b03beb135efb45.html,0,0
ABES Engg. College,Achhnera Uttar Pradesh,https://www.startupindia.gov.in/content/sih/en/profile.Incubator.5d2f659ae4b03beb135efb39.html,0,0
IIM Calcutta Innovation Park,Adra West Bengal,https://www.startupindia.gov.in/content/sih/en/profile.Incubator.5d2f653ae4b03beb135efb2e.html,0,0
Malaviya Centre for Innovation Incubation & Entrepreneurship (MCIIE),Achhnera Uttar Pradesh,https://www.startupindia.gov.in/content/sih/en/profile.Incubator.5d2f6526e4b03beb135efb2b.html,0,0
Nesting Incubation and Entrepreneurship for Leveraging Agri Innovations in Nutricereals (NIELAN),Adilabad Telangana,https://www.startupindia.gov.in/content/sih/en/profile.Incubator.5d2f651de4b03beb135efb25.html,0,0
Agri Business Incubator,Adilabad Telangana,https://www.startupindia.gov.in/content/sih/en/profile.Incubator.5d2f651ae4b03beb135efb22.html,0,0
Birla Institute of technology and Science BITS- Pilani (Hyderabad Campus),Adilabad Telangana,https://www.startupindia.gov.in/content/sih/en/profile.Incubator.5d2f6515e4b03beb135efb1f.html,0,0
Foundation for Innovation & Research at SASTRA - TBI,Arakkonam Tamil Nadu,https://www.startupindia.gov.in/content/sih/en/profile.Incubator.5d2f64fee4b03beb135efb1c.html,0,0
Technology Business Incubator,Arakkonam Tamil Nadu,https://www.startupindia.gov.in/content/sih/en/profile.Incubator.5d2f64fbe4b03beb135efb19.html,0,0
TCE-TBI,Arakkonam Tamil Nadu,https://www.startupindia.gov.in/content/sih/en/profile.Incubator.5d2f64f8e4b03beb135efb16.html,0,0
Development of Entrepreuners Through Incubation (DETI@ACE),Arakkonam Tamil Nadu,https://www.startupindia.gov.in/content/sih/en/profile.Incubator.5d2f64f4e4b03beb135efb13.html,0,0
Technology Business Incubator,Arakkonam Tamil Nadu,https://www.startupindia.gov.in/content/sih/en/profile.Incubator.5d2f64ede4b03beb135efb10.html,0,0
St.Peter's Engineering College - Technology Business Incubator,Arakkonam Tamil Nadu,https://www.startupindia.gov.in/content/sih/en/profile.Incubator.5d2f64eae4b03beb135efb0d.html,0,0
Birla Institute of technology and Science BITS- Pilani (Hyderabad Campus),Amritsar Punjab,https://www.startupindia.gov.in/content/sih/en/profile.Incubator.5d2f64cfe4b03beb135efb0a.html,0,0
Indian Institute of Science and Research,Amritsar Punjab,https://www.startupindia.gov.in/content/sih/en/profile.Incubator.5d2f64cce4b03beb135efb07.html,0,0
NITJ Technology Business Incubator,Amritsar Punjab,https://www.startupindia.gov.in/content/sih/en/profile.Incubator.5d2f64c9e4b03beb135efb04.html,0,0
Science & Techology Entrepreneur's Park,Amritsar Punjab,https://www.startupindia.gov.in/content/sih/en/profile.Incubator.5d2f64c3e4b03beb135efb00.html,0,0
Technology based Incubator Society (TBIS),Port Blair Andaman and Nicobar Islands,https://www.startupindia.gov.in/content/sih/en/profile.Incubator.5d2f64bbe4b03beb135efafd.html,0,0
COEP's Bhau Institute of Innovation Entrepreneurship and Leadership,Achalpur Maharashtra,https://www.startupindia.gov.in/content/sih/en/profile.Incubator.5d2f64b7e4b03beb135efafa.html,0,0
Zone Startups India (BIL-Ryerson Fututes Pvt Ltd.),Achalpur Maharashtra,https://www.startupindia.gov.in/content/sih/en/profile.Incubator.5d2f64b1e4b03beb135efaf7.html,0,0
RiiDL (Research Innovation Incubation Design Labs),Achalpur Maharashtra,https://www.startupindia.gov.in/content/sih/en/profile.Incubator.5d2f64a4e4b03beb135efaf4.html,0,0
M.P.STEP,Alirajpur Madhya Pradesh,https://www.startupindia.gov.in/content/sih/en/profile.Incubator.5d2f64a2e4b03beb135efaf1.html,0,0
Kerala Startup Mission (Formerly Technopark Technology Business Incubator),Adoor Kerala,https://www.startupindia.gov.in/content/sih/en/profile.Incubator.5d2f649fe4b03beb135efaee.html,0,0
ARTILAB Foundation,Bengaluru Karnataka,https://www.startupindia.gov.in/content/sih/en/profile.Incubator.5d2f649ce4b03beb135efaeb.html,0,0
Business Entrepreneurship and Start-up support through Technology in Horticulture (BESST-HORT),Adyar Karnataka,https://www.startupindia.gov.in/content/sih/en/profile.Incubator.5d2f6498e4b03beb135efae8.html,0,0
Global Incubation Service (GINSERV),Adyar Karnataka,https://www.startupindia.gov.in/content/sih/en/profile.Incubator.5d2f6496e4b03beb135efae5.html,0,0
Technovate India Innovations,Adyar Karnataka,https://www.startupindia.gov.in/content/sih/en/profile.Incubator.5d2f6493e4b03beb135efae2.html,0,0
E-Health TBI,Adyar Karnataka,https://www.startupindia.gov.in/content/sih/en/profile.Incubator.5d2f6490e4b03beb135efadf.html,0,0
BEC STEP,Adyar Karnataka,https://www.startupindia.gov.in/content/sih/en/profile.Incubator.5d2f648de4b03beb135efadc.html,0,0
Foundation for sandboxstartup initiatives,Adyar Karnataka,https://www.startupindia.gov.in/content/sih/en/profile.Incubator.5d2f648ae4b03beb135efad9.html,0,0
Startup Village,Adyar Karnataka,https://www.startupindia.gov.in/content/sih/en/profile.Incubator.5d2f6485e4b03beb135efad6.html,0,0
Manipal University Technology Business Incubator,Adyar Karnataka,https://www.startupindia.gov.in/content/sih/en/profile.Incubator.5d2f6481e4b03beb135efad3.html,0,0
Soceity for Development of Composites,Adyar Karnataka,https://www.startupindia.gov.in/content/sih/en/profile.Incubator.5d2f647ce4b03beb135efacd.html,0,0
National Design Business Incubator,Adyar Karnataka,https://www.startupindia.gov.in/content/sih/en/profile.Incubator.5d2f6479e4b03beb135efaca.html,0,0
STEP-Birla Institute of Technology,Adityapur Jharkhand,https://www.startupindia.gov.in/content/sih/en/profile.Incubator.5d2f6476e4b03beb135efac7.html,0,0
Indian Institute of Integrative Medicine-Technology Business Incubator,Port Blair Andaman and Nicobar Islands,https://www.startupindia.gov.in/content/sih/en/profile.Incubator.5d2f6473e4b03beb135efac4.html,0,0
Centre for Advancing and Launching Enterprises (CrAdLE),Adalaj Gujarat,https://www.startupindia.gov.in/content/sih/en/profile.Incubator.5d2f6467e4b03beb135efac1.html,0,0
ASSOCIATION FOR HARNESSING INNOVATION AND ENTREPRENEURSHIP,Surat Gujarat,https://www.startupindia.gov.in/content/sih/en/profile.Incubator.5d2f6464e4b03beb135efabe.html,0,0
LEAF (Leadership Entrepreneurship and Acceleration Foundation) - GLS University Incubator,Ahmedabad Gujarat,https://www.startupindia.gov.in/content/sih/en/profile.Incubator.5d2f6461e4b03beb135efabb.html,0,0
IIT Gandhinagar Innovation and Entrepreneurship Center,Adalaj Gujarat,https://www.startupindia.gov.in/content/sih/en/profile.Incubator.5d2f645ee4b03beb135efab8.html,0,0
NIF Incubation and Entrepreneurship Council (NIFientreC),Ahmedabad Gujarat,https://www.startupindia.gov.in/content/sih/en/profile.Incubator.5d2f6454e4b03beb135efab5.html,0,0
Ahmedabad University Support Foundation VentureStudio,Adalaj Gujarat,https://www.startupindia.gov.in/content/sih/en/profile.Incubator.5d2f6452e4b03beb135efab2.html,0,0
CENTRE FOR INCUBATION AND BUSINESS ACCELERATION,Mapusa Goa,https://www.startupindia.gov.in/content/sih/en/profile.Incubator.5d2f644ee4b03beb135efaaf.html,0,0
Indigram Labs Foundation,New Delhi Delhi,https://www.startupindia.gov.in/content/sih/en/profile.Incubator.5d2f644be4b03beb135efaac.html,0,0
Society for Siddharth International Incubation Centre,Adoni Andhra Pradesh,https://www.startupindia.gov.in/content/sih/en/profile.Incubator.5d2f6442e4b03beb135efaa9.html,0,0
ADITYA GLOBAL BUSINESS INCUBATOR,Adoni Andhra Pradesh,https://www.startupindia.gov.in/content/sih/en/profile.Incubator.5d2f6440e4b03beb135efaa6.html,0,0
Shri Shankracharya Technical Campus Business Incubator,Ambikapur Chhattisgarh,https://www.startupindia.gov.in/content/sih/en/profile.Incubator.5d2f42e8e4b03beb135ef8ab.html,0,0
AIC@36Inc,Raipur Chhattisgarh,https://www.startupindia.gov.in/content/sih/en/profile.Incubator.5d2f42e4e4b03beb135ef8a7.html,0,0
SSCBS Innovation and Incubation Foundation (SIIF),New Delhi Delhi,https://www.startupindia.gov.in/content/sih/en/profile.Incubator.5d2f42dce4b03beb135ef8a2.html,0,0
NSUT IIF,New Delhi Delhi,https://www.startupindia.gov.in/content/sih/en/profile.Incubator.5d2f42d8e4b03beb135ef89d.html,0,0
North Eastern India-ASEAN Chamber of Commerce & Industry,Delhi Delhi,https://www.startupindia.gov.in/content/sih/en/profile.Incubator.5d2f42cde4b03beb135ef898.html,0,0
IIITD Innovation & Incubation Center,Delhi Delhi,https://www.startupindia.gov.in/content/sih/en/profile.Incubator.5d2f42cae4b03beb135ef894.html,0,0
DTU INNOVATION AND INCUBATION FOUNDATION (DTU IIF),Delhi Delhi,https://www.startupindia.gov.in/content/sih/en/profile.Incubator.5d2f42c5e4b03beb135ef890.html,0,0
DIIF (DPSRU Innovation & Incubation Foundation),Delhi Delhi,https://www.startupindia.gov.in/content/sih/en/profile.Incubator.5d2f42c3e4b03beb135ef88d.html,0,0
Incubation Research Foundation,Delhi Delhi,https://www.startupindia.gov.in/content/sih/en/profile.Incubator.5d2f42bee4b03beb135ef888.html,0,0
CAREER POINT UNIVERSITY,Kota Rajasthan,https://www.startupindia.gov.in/content/sih/en/profile.Incubator.5d2f42b7e4b03beb135ef884.html,0,0
Entrepreneur Incubation Center Bhagwant University,Ajmer Rajasthan,https://www.startupindia.gov.in/content/sih/en/profile.Incubator.5d2f42a7e4b03beb135ef880.html,0,0
Centre for Entrepreneurship & Innovation (CEI),Jaipur Rajasthan,https://www.startupindia.gov.in/content/sih/en/profile.Incubator.5d2f42a3e4b03beb135ef87b.html,0,0
BITS Pilani Technology Business Incubator,Pilani Rajasthan,https://www.startupindia.gov.in/content/sih/en/profile.Incubator.5d2f4293e4b03beb135ef872.html,0,0
IIM Udaipur Incubation Centre,Udaipur Rajasthan,https://www.startupindia.gov.in/content/sih/en/profile.Incubator.5d2f428be4b03beb135ef86e.html,0,0
GIT Jaipur Rural Technology and Business Incubator (RTBI),Jaipur Rajasthan,https://www.startupindia.gov.in/content/sih/en/profile.Incubator.5d2f4284e4b03beb135ef86a.html,0,0
CSIRCEERI's Incubation-cum Innovation Hub Jaipur,Jaipur Rajasthan,https://www.startupindia.gov.in/content/sih/en/profile.Incubator.5d2f4267e4b03beb135ef865.html,0,0
Techno Hub,Jaipur Rajasthan,https://www.startupindia.gov.in/content/sih/en/profile.Incubator.5d2f425ae4b03beb135ef860.html,0,0
Indian Institute of Technology Indore,Indore Madhya Pradesh,https://www.startupindia.gov.in/content/sih/en/profile.Incubator.5d2f4254e4b03beb135ef85c.html,0,0
Indian Institute of Forest Management Bhopal,Bhopal Madhya Pradesh,https://www.startupindia.gov.in/content/sih/en/profile.Incubator.5d2f424fe4b03beb135ef858.html,0,0
Startup Space Station Bhopal,Bhopal Madhya Pradesh,https://www.startupindia.gov.in/content/sih/en/profile.Incubator.5d2f4245e4b03beb135ef851.html,0,0
Swan Angle Network Indore,Indore Madhya Pradesh,https://www.startupindia.gov.in/content/sih/en/profile.Incubator.5d2f4241e4b03beb135ef84e.html,0,0
Madhya Pradesh State Bamboo Mission Satna,Satna Madhya Pradesh,https://www.startupindia.gov.in/content/sih/en/profile.Incubator.5d2f422de4b03beb135ef83f.html,0,0
B-Nest Bhopal,Bhopal Madhya Pradesh,https://www.startupindia.gov.in/content/sih/en/profile.Incubator.5d2f4229e4b03beb135ef83b.html,0,0
InQ Innovations,Adoor Kerala,https://www.startupindia.gov.in/content/sih/en/profile.Incubator.5d2f4210e4b03beb135ef82c.html,0,0
CPCRI Incubator,Kasaragod Kerala,https://www.startupindia.gov.in/content/sih/en/profile.Incubator.5d2f420ce4b03beb135ef828.html,0,0
IEDC CUSAT,Adoor Kerala,https://www.startupindia.gov.in/content/sih/en/profile.Incubator.5d2f4204e4b03beb135ef824.html,0,0
Women Business Incubation Programme,Thiruvananthapuram Kerala,https://www.startupindia.gov.in/content/sih/en/profile.Incubator.5d2f41fce4b03beb135ef820.html,0,0
GECBH TBI,Adoor Kerala,https://www.startupindia.gov.in/content/sih/en/profile.Incubator.5d2f41f8e4b03beb135ef81c.html,0,0
Startup Dreams,Adoor Kerala,https://www.startupindia.gov.in/content/sih/en/profile.Incubator.5d2f41f3e4b03beb135ef818.html,0,0
IAMAI Mobile 10x,Adoor Kerala,https://www.startupindia.gov.in/content/sih/en/profile.Incubator.5d2f41efe4b03beb135ef814.html,0,0
KSIDC BIC,Adoor Kerala,https://www.startupindia.gov.in/content/sih/en/profile.Incubator.5d2f41dfe4b03beb135ef80c.html,0,0
Kerala Agriculture Value Product Research & Development,Adoor Kerala,https://www.startupindia.gov.in/content/sih/en/profile.Incubator.5d2f41d1e4b03beb135ef807.html,0,0
Technolodge Thiruvananthapuram,Adoor Kerala,https://www.startupindia.gov.in/content/sih/en/profile.Incubator.5d2f41cee4b03beb135ef804.html,0,0
Technolodge Muvattupuzha,Adoor Kerala,https://www.startupindia.gov.in/content/sih/en/profile.Incubator.5d2f41cae4b03beb135ef800.html,0,0
Technolodge Kannur,Kannur Kerala,https://www.startupindia.gov.in/content/sih/en/profile.Incubator.5d2f41c7e4b03beb135ef7fc.html,0,0
Technolodge Piravom,Adoor Kerala,https://www.startupindia.gov.in/content/sih/en/profile.Incubator.5d2f41c3e4b03beb135ef7f8.html,0,0
IKP EDEN,Adyar Karnataka,https://www.startupindia.gov.in/content/sih/en/profile.Incubator.5d2f419fe4b03beb135ef7f1.html,0,0
IAMAI Mobile10X -K-Tech Innovation Hub,Bengaluru Karnataka,https://www.startupindia.gov.in/content/sih/en/profile.Incubator.5d2f419be4b03beb135ef7ed.html,0,0
NASSCOM CENTER OF EXCELLENCE - INTERNET OF THINGS,Adyar Karnataka,https://www.startupindia.gov.in/content/sih/en/profile.Incubator.5d2f4197e4b03beb135ef7e9.html,0,0
K-tech Innovation Hub-NASSCOM,Bengaluru Karnataka,https://www.startupindia.gov.in/content/sih/en/profile.Incubator.5d2f4193e4b03beb135ef7e5.html,0,0
Bangalore Bioinnovation Centre,Adyar Karnataka,https://www.startupindia.gov.in/content/sih/en/profile.Incubator.5d2f4190e4b03beb135ef7e0.html,0,0
EDII-Periyakulam Horti Business Incubation Forum,Periyakulam Tamil Nadu,https://www.startupindia.gov.in/content/sih/en/profile.Incubator.5d2f418ce4b03beb135ef7dc.html,0,0
PSYEC Incubation Centrer,Sivaganga Tamil Nadu,https://www.startupindia.gov.in/content/sih/en/profile.Incubator.5d2f4183e4b03beb135ef7d8.html,0,0
AIHT Business Incubator Foundation,Chennai Tamil Nadu,https://www.startupindia.gov.in/content/sih/en/profile.Incubator.5d2f417fe4b03beb135ef7d3.html,0,0
NEC Business Incubator,Arakkonam Tamil Nadu,https://www.startupindia.gov.in/content/sih/en/profile.Incubator.5d2f417be4b03beb135ef7cf.html,0,0
Madurai Agribusiness Incubation Forum (MABIF),Madurai Tamil Nadu,https://www.startupindia.gov.in/content/sih/en/profile.Incubator.5d2f3fc6e4b03beb135ef7b2.html,0,0
MS SWAMINATHAN BIO-INCUBATION CENTRE,Arakkonam Tamil Nadu,https://www.startupindia.gov.in/content/sih/en/profile.Incubator.5d2f3fc2e4b03beb135ef7ae.html,0,0
IITM BIOINCUBATOR  IIT Madras Research Park,Chennai Tamil Nadu,https://www.startupindia.gov.in/content/sih/en/profile.Incubator.5d2f3fbfe4b03beb135ef7aa.html,0,0
Bannari Amman Institute of Technology – Technology Business Incubator,Sathyamangalam Tamil Nadu,https://www.startupindia.gov.in/content/sih/en/profile.Incubator.5d2f3fbbe4b03beb135ef7a6.html,0,0
MaDeIT Innovation Foundation,Chennai Tamil Nadu,https://www.startupindia.gov.in/content/sih/en/profile.Incubator.5d2f3fb7e4b03beb135ef7a3.html,0,0
Gram Tarang Employability Training Services Pvt. Ltd.,Bhubaneswar Odisha,https://www.startupindia.gov.in/content/sih/en/profile.Incubator.5d2f3fb0e4b03beb135ef79f.html,0,0
iHub Inc (Perfectus Tech Private Ltd),Bhubaneswar Odisha,https://www.startupindia.gov.in/content/sih/en/profile.Incubator.5d2f3face4b03beb135ef79b.html,0,0
Srusti Academy Development Foundation,Bhubaneswar Odisha,https://www.startupindia.gov.in/content/sih/en/profile.Incubator.5d2f3fa9e4b03beb135ef797.html,0,0
Xavier Council Of Innovations,Bhubaneswar Odisha,https://www.startupindia.gov.in/content/sih/en/profile.Incubator.5d2f3fa4e4b03beb135ef793.html,0,0
SSU Innovation Pvt Ltd,Cuttack Odisha,https://www.startupindia.gov.in/content/sih/en/profile.Incubator.5d2f3fa0e4b03beb135ef78f.html,0,0
Center of Innovation Incubation & Entrepreneurship (CIIE),Bhubaneswar Odisha,https://www.startupindia.gov.in/content/sih/en/profile.Incubator.5d2f3f94e4b03beb135ef786.html,0,0
CIIBM JKEDI,Port Blair Andaman and Nicobar Islands,https://www.startupindia.gov.in/content/sih/en/profile.Incubator.5d2f3f8de4b03beb135ef782.html,0,0
Andhra Pradesh Innovation Society,Visakhapatnam Andhra Pradesh,https://www.startupindia.gov.in/content/sih/en/profile.Incubator.5d2f3f83e4b03beb135ef77d.html,0,0
Yashwantrao Chavan College of Engineering,Nagpur Maharashtra,https://www.startupindia.gov.in/content/sih/en/profile.Incubator.5d2f3d3ae4b03beb135ef709.html,0,0
Ramdeobaba college of Engineering.,Nagpur Maharashtra,https://www.startupindia.gov.in/content/sih/en/profile.Incubator.5d2f3d35e4b03beb135ef702.html,0,0
SJC Institute of Technology - New Age Innovation Network (NAIN)-Ktech Innovation Hub,Chikkaballapur Karnataka,https://www.startupindia.gov.in/content/sih/en/profile.Incubator.5d2f3d31e4b03beb135ef6fe.html,0,0
Society for lnnovation and Development llSc,Bengaluru Karnataka,https://www.startupindia.gov.in/content/sih/en/profile.Incubator.5d2f3d17e4b03beb135ef6ee.html,0,0
Medical Electronics Incubation Centre,Patna Bihar,https://www.startupindia.gov.in/content/sih/en/profile.Incubator.5d2f3d10e4b03beb135ef6e8.html,0,0
Electronics Incubation Centre,Port Blair Andaman and Nicobar Islands,https://www.startupindia.gov.in/content/sih/en/profile.Incubator.5d2f3d0ce4b03beb135ef6e4.html,0,0
Centre for Entrepreneurship Development and Incubation (CEDI),Tiruchirappalli Tamil Nadu,https://www.startupindia.gov.in/content/sih/en/profile.Incubator.5d2f3d02e4b03beb135ef6de.html,0,0
NITK- Science Technology Entrepreneurship Park (NITK-STEP),Port Blair Andaman and Nicobar Islands,https://www.startupindia.gov.in/content/sih/en/profile.Incubator.5d2f3d00e4b03beb135ef6db.html,0,0
Society for Innovation and Entrepreneurship (SINE),Mumbai Maharashtra,https://www.startupindia.gov.in/content/sih/en/profile.Incubator.5d2f3cf0e4b03beb135ef6d6.html,0,0
Nadathur S Raghavan Centre for Entrepreneurial Learning (NSRCEL),Bengaluru Karnataka,https://www.startupindia.gov.in/content/sih/en/profile.Incubator.5d2f3ce9e4b03beb135ef6d1.html,0,0
IIITB Innovation Center,Bengaluru Karnataka,https://www.startupindia.gov.in/content/sih/en/profile.Incubator.5d2f3cdbe4b03beb135ef6cc.html,0,0
DA-IICT Centre for Entrepreneurship and Incubation (DCEI),Adalaj Gujarat,https://www.startupindia.gov.in/content/sih/en/profile.Incubator.5d2f3cd3e4b03beb135ef6c7.html,0,0
Space Technology Incubation Centre (S-TIC),Agartala Tripura,https://www.startupindia.gov.in/content/sih/en/profile.Incubator.5d2f3cbde4b03beb135ef6c0.html,0,0
Shanmugha Arts Science Technology & Research Academy (SASTRA),Arakkonam Tamil Nadu,https://www.startupindia.gov.in/content/sih/en/profile.Incubator.5d2f3b99e4b03beb135ef680.html,0,0
Institute of Advanced Study in Science & Technology (IASST),Guwahati Assam,https://www.startupindia.gov.in/content/sih/en/profile.Incubator.5d2f3b95e4b03beb135ef67c.html,0,0
National Institute of Pharmaceutical Education & Research (NIPER),Guwahati Assam,https://www.startupindia.gov.in/content/sih/en/profile.Incubator.5d2f3b91e4b03beb135ef678.html,0,0
Mazumdar Shaw Medical Foundation (MSMF) Bangalore,Bengaluru Karnataka,https://www.startupindia.gov.in/content/sih/en/profile.Incubator.5d2f3b8ee4b03beb135ef674.html,0,0
DPSRU Innovation & Incubator Foundation (DIIF),Port Blair Andaman and Nicobar Islands,https://www.startupindia.gov.in/content/sih/en/profile.Incubator.5d2f3b8ae4b03beb135ef670.html,0,0
Andhra Pradesh MedTech Zone(AMTZ),Port Blair Andaman and Nicobar Islands,https://www.startupindia.gov.in/content/sih/en/profile.Incubator.5d2f3b84e4b03beb135ef66c.html,0,0
SPMVV- Women Biotech Incubation facility (SPMVV- WBIF),Tirupati Andhra Pradesh,https://www.startupindia.gov.in/content/sih/en/profile.Incubator.5d2f3b7ee4b03beb135ef667.html,0,0
Clean Enery International Incubation Center,Delhi Delhi,https://www.startupindia.gov.in/content/sih/en/profile.Incubator.5d2f3b75e4b03beb135ef663.html,0,0
SBTIC Hyderabad,Hyderabad Telangana,https://www.startupindia.gov.in/content/sih/en/profile.Incubator.5d2f3b6fe4b03beb135ef65e.html,0,0
IIIT Hyderabad,Hyderabad Telangana,https://www.startupindia.gov.in/content/sih/en/profile.Incubator.5d2f3b6be4b03beb135ef65a.html,0,0
Women Biotech ParkChennai,Chennai Tamil Nadu,https://www.startupindia.gov.in/content/sih/en/profile.Incubator.5d2f3b66e4b03beb135ef656.html,0,0
C-CAMP Bangalore,Adyar Karnataka,https://www.startupindia.gov.in/content/sih/en/profile.Incubator.5d2f3b62e4b03beb135ef652.html,0,0
Gujarat State Biotechnology Mission (GSBTM),Adalaj Gujarat,https://www.startupindia.gov.in/content/sih/en/profile.Incubator.5d2f3b5ce4b03beb135ef64a.html,0,0
ICRISAT Hyderabad,Hyderabad Telangana,https://www.startupindia.gov.in/content/sih/en/profile.Incubator.5d2f3b58e4b03beb135ef646.html,0,0
SRISTI Innovation Ahmedabad Gujrat,Ahmedabad Gujarat,https://www.startupindia.gov.in/content/sih/en/profile.Incubator.5d2f3b55e4b03beb135ef642.html,0,0
B. V. PATEL PERD Centre,Ahmedabad Gujarat,https://www.startupindia.gov.in/content/sih/en/profile.Incubator.5d2f3b51e4b03beb135ef63e.html,0,0
HTIC Chennai,Chennai Tamil Nadu,https://www.startupindia.gov.in/content/sih/en/profile.Incubator.5d2f3b4ce4b03beb135ef63a.html,0,0
IIHR Bangalore,Adyar Karnataka,https://www.startupindia.gov.in/content/sih/en/profile.Incubator.5d2f3b48e4b03beb135ef636.html,0,0
BSC BioNEST Bio-Incubator (Regional Centre for Biotechnology Faridabad),Faridabad Haryana,https://www.startupindia.gov.in/content/sih/en/profile.Incubator.5d2f3b44e4b03beb135ef632.html,0,0
ZTM-BPD IARI,New Delhi Delhi,https://www.startupindia.gov.in/content/sih/en/profile.Incubator.5d2f3b40e4b03beb135ef62e.html,0,0
Panjab University,Chandigarh Chandigarh,https://www.startupindia.gov.in/content/sih/en/profile.Incubator.5d2f3b3be4b03beb135ef629.html,0,0
BITS Pilani K K Birla Goa campus,Mapusa Goa,https://www.startupindia.gov.in/content/sih/en/profile.Incubator.5d2f3b2ee4b03beb135ef61c.html,0,0
Ignite EDC Innovation Hub,Panaji Goa,https://www.startupindia.gov.in/content/sih/en/profile.Incubator.5d2d55c4e4b03beb135e73d7.html,0,0
Nec Business Incubator,Tirunelveli Tamil Nadu,https://www.startupindia.gov.in/content/sih/en/profile.Incubator.5d26e24ce4b0ac4d036f2682.html,0,0
AIC MIT ADT Incubator Forum,Pune Maharashtra,https://www.startupindia.gov.in/content/sih/en/profile.Incubator.5d2594fce4b0ac4d036ee6f1.html,0,0
Hartron Innovation and Start-up Hub,Gurugram Haryana,https://www.startupindia.gov.in/content/sih/en/profile.Incubator.5d22c432e4b0ac4d036e6f1f.html,0,0
AIC Great Lakes Balachandran Incubator,Chennai Tamil Nadu,https://www.startupindia.gov.in/content/sih/en/profile.Incubator.5d19df60e4b0659b52664080.html,0,0
R-ABIs ANGRAU Poshan Incubator,Tirupati Andhra Pradesh,https://www.startupindia.gov.in/content/sih/en/profile.Incubator.5d17419fe4b0659b5265e0ae.html,0,0
IGKV R-ABI,Raipur Chhattisgarh,https://www.startupindia.gov.in/content/sih/en/profile.Incubator.5d145ed0e4b0659b52658e52.html,0,0
INCUVATIONS FOUNDATION,Brahmapur Odisha,https://www.startupindia.gov.in/content/sih/en/profile.Incubator.5d135027e4b0659b526573fa.html,0,0
AIC-NMIMS Incubation Centre,Mumbai Maharashtra,https://www.startupindia.gov.in/content/sih/en/profile.Incubator.5d120c83e4b0659b5265433b.html,0,0
Biotechnology Business Incubator Under Society For Sustainable EcoFriendly Solutions,Jaipur Rajasthan,https://www.startupindia.gov.in/content/sih/en/profile.Incubator.5d11fce4e4b0659b526541e4.html,0,0
Foundation for Inovation and Entrepreneurship Development,Kashipur Uttarakhand,https://www.startupindia.gov.in/content/sih/en/profile.Incubator.5d11d9dfe4b0659b526533b8.html,0,0
Center for Innovation Incubation & Entrepreneurship (KL TECHNOLOGY INCUBATORS FOUNDATION),Vijayawada Andhra Pradesh,https://www.startupindia.gov.in/content/sih/en/profile.Incubator.5d11c16ce4b0659b52653189.html,0,0
Foundation for Innovation and Research at SASTRA TBI,Thanjavur Tamil Nadu,https://www.startupindia.gov.in/content/sih/en/profile.Incubator.5d0b6977e4b0659b5264a2d5.html,0,0
AIC RAISE,Coimbatore Tamil Nadu,https://www.startupindia.gov.in/content/sih/en/profile.Incubator.5d08d9fde4b08f8b1a9d62f0.html,0,0
VIKAS RKVY AGRIBUSINESS INCUBATOR,Cuttack Odisha,https://www.startupindia.gov.in/content/sih/en/profile.Incubator.5cf8d7bbe4b08f8b1a9a03fc.html,0,0
Atal Incubation Centre- Rambhau Mhalgi Prabodhini,Mumbai Maharashtra,https://www.startupindia.gov.in/content/sih/en/profile.Incubator.5cf61680e4b08f8b1a99654d.html,0,0
InnoWork,Noida Uttar Pradesh,https://www.startupindia.gov.in/content/sih/en/profile.Incubator.5cf13c03e4b08f8b1a98bdea.html,0,0
MS Swaminathan Bio Incubation Centre,Kanchipuram Tamil Nadu,https://www.startupindia.gov.in/content/sih/en/profile.Incubator.5cef9535e4b08f8b1a987598.html,0,0
Atal Bihari Vajpayee Innovation Lab,Ranchi Jharkhand,https://www.startupindia.gov.in/content/sih/en/profile.Incubator.5cef7b6ee4b08f8b1a987359.html,0,0
vif@tanuvas,Chennai Tamil Nadu,https://www.startupindia.gov.in/content/sih/en/profile.Incubator.5cee1344e4b08f8b1a9841a6.html,0,0
DERBI FOUNDATION,Bengaluru Karnataka,https://www.startupindia.gov.in/content/sih/en/profile.Incubator.5cecb74de4b08f8b1a97e731.html,0,0
Nutrihub,Hyderabad Telangana,https://www.startupindia.gov.in/content/sih/en/profile.Incubator.5ce63545e4b08f8b1a96ef01.html,0,0
Assam Agricultural University Incubator,Jorhat Assam,https://www.startupindia.gov.in/content/sih/en/profile.Incubator.5cdeb3b2e4b08f8b1a963b6e.html,0,0
NIAM Agri-Business Incubator (NABI),Jaipur Rajasthan,https://www.startupindia.gov.in/content/sih/en/profile.Incubator.5cdd3156e4b08f8b1a960fcf.html,0,0
AIC Pinnacle Entrepreneurship Forum,Pune Maharashtra,https://www.startupindia.gov.in/content/sih/en/profile.Incubator.5cd28cdce4b0853663538c4d.html,0,0
NRCM Centre for Agribusiness Incubation,Hyderabad Telangana,https://www.startupindia.gov.in/content/sih/en/profile.Incubator.5cc9dfb9e4b08536635219d0.html,0,0
CIRCOT R ABI,Mumbai Maharashtra,https://www.startupindia.gov.in/content/sih/en/profile.Incubator.5cc2c6c0e4b0f5f6b273e870.html,0,0
Aashray Incubator,Ahmedabad Gujarat,https://www.startupindia.gov.in/content/sih/en/profile.Incubator.5cb6cebbe4b06ea41413f770.html,0,0
NDIM Incube,Delhi Delhi,https://www.startupindia.gov.in/content/sih/en/profile.Incubator.5cb485c7e4b06ea414139cd5.html,0,0
IRMA ISEED Foundation,Anand Gujarat,https://www.startupindia.gov.in/content/sih/en/profile.Incubator.5ca48507e4b0d381ea04adc2.html,0,0
IIT Delhi Technology Business Incubation Unit,New Delhi Delhi,https://www.startupindia.gov.in/content/sih/en/profile.Incubator.5c9de23ee4b0d381ea03d20d.html,0,0
CSIR-IIIM- Technology Business Incubator,Jammu Jammu and Kashmir,https://www.startupindia.gov.in/content/sih/en/profile.Incubator.5c9c64fce4b0d381ea03732c.html,0,0
ANDC inStart,New Delhi Delhi,https://www.startupindia.gov.in/content/sih/en/profile.Incubator.5c7f6517e4b0563d5c5ec17f.html,0,0
AIC - MUJ INCUBATION FOUNDATION,Jaipur Rajasthan,https://www.startupindia.gov.in/content/sih/en/profile.Incubator.5c7ce364e4b0563d5c5d799a.html,0,0
Science and Technology Park,Pune Maharashtra,https://www.startupindia.gov.in/content/sih/en/profile.Incubator.5c74cdeae4b0ba900e12e017.html,0,0
Foundation for Technology & Business Incubation,Rourkela Odisha,https://www.startupindia.gov.in/content/sih/en/profile.Incubator.5c6cedb3e4b0ba900e10c19e.html,0,0
COEP's Bhau Institute of Innovation Entrepreneurship and Leadership,Pune Maharashtra,https://www.startupindia.gov.in/content/sih/en/profile.Incubator.5c66907ce4b0ba900e0f8e99.html,0,0
Marathwada Accelerator for Growth and Incubation Council,Aurangabad Maharashtra,https://www.startupindia.gov.in/content/sih/en/profile.Incubator.5c655396e4b0ba900e0f5ab5.html,0,0
TurningIdeas Incubator,Delhi Delhi,https://www.startupindia.gov.in/content/sih/en/profile.Incubator.5c5e98a9e4b0ba900e0e4ad2.html,0,0
SAI Technology Business Incubator Foundation,Visakhapatnam Andhra Pradesh,https://www.startupindia.gov.in/content/sih/en/profile.Incubator.5c5ad6f2e4b0ba900e0cd460.html,0,0
AIC-RNTU Foundation,Raisen Madhya Pradesh,https://www.startupindia.gov.in/content/sih/en/profile.Incubator.5c52d18ae4b0ba900e0b12b1.html,0,0
IIMN Foundation for Entrepreneurship Development (InFED),Nagpur Maharashtra,https://www.startupindia.gov.in/content/sih/en/profile.Incubator.5c51933de4b0ba900e0a916c.html,0,0
Entrepreneurship Cell FMS DU,Delhi Delhi,https://www.startupindia.gov.in/content/sih/en/profile.Incubator.5c4f3e0de4b0ba900e09b816.html,0,0
National Design Business Incubator NID,Ahmedabad Gujarat,https://www.startupindia.gov.in/content/sih/en/profile.Incubator.5c470978e4b0ba900e08514b.html,0,0
Electropreneur Park,Delhi Delhi,https://www.startupindia.gov.in/content/sih/en/profile.Incubator.5c458d5fe4b0ba900e07ea8c.html,0,0
AIC IIITKOTTAYAM FOUNDATION,Kottayam Kerala,https://www.startupindia.gov.in/content/sih/en/profile.Incubator.5c3ef64de4b0ba900e06b574.html,0,0
Incubation Unit Committee IIFM Bhopal,Bhopal Madhya Pradesh,https://www.startupindia.gov.in/content/sih/en/profile.Incubator.5c2c8dc5e4b0ba900e04486e.html,0,0
AIC NMIMS INCUBATION CENTRE,Mumbai Maharashtra,https://www.startupindia.gov.in/content/sih/en/profile.Incubator.5c29cabbe4b0bd844e94e073.html,0,0
MNIT Innovation and Incubation Centre,Jaipur Rajasthan,https://www.startupindia.gov.in/content/sih/en/profile.Incubator.5c246d1be4b0bd844e93d1ee.html,0,0
Misfits Incubator,Nagpur Maharashtra,https://www.startupindia.gov.in/content/sih/en/profile.Incubator.5c206344e4b01934845772f2.html,0,0
Pusa Krishi,New Delhi Delhi,https://www.startupindia.gov.in/content/sih/en/profile.Incubator.5c1c92ece4b0193484575b20.html,0,0
WE Hub,Hyderabad Telangana,https://www.startupindia.gov.in/content/sih/en/profile.Incubator.5c139235e4b0193484573864.html,0,0
Startup Oasis,Jaipur Rajasthan,https://www.startupindia.gov.in/content/sih/en/profile.Incubator.5bee7267e4b0c8853947aacc.html,0,0
T-Hub Foundation,Hyderabad Telangana,https://www.startupindia.gov.in/content/sih/en/profile.Incubator.5bebf18ee4b0c8853947a36e.html,0,0
FORUM FOR INNOVATION INCUBATION RESEARCH AND ENTREPRENEURSHIP,Margao Goa,https://www.startupindia.gov.in/content/sih/en/profile.Incubator.5bea53e6e4b0c885394790b4.html,0,0
Enterprising Zone Bihar Entrepreneurs Association,Patna Bihar,https://www.startupindia.gov.in/content/sih/en/profile.Incubator.5bd96c2ce4b07c24a5eb31af.html,350,249
AIC - PRESTIGE INSPIRE FOUNDATION,Indore Madhya Pradesh,https://www.startupindia.gov.in/content/sih/en/profile.Incubator.5bd6bdf5e4b00e9b2b7d6428.html,0,0
DALBERG ADVISORS,Delhi Delhi,https://www.startupindia.gov.in/content/sih/en/profile.Incubator.5bc6f081e4b0c71d20cdb360.html,0,0
Kozmos Incubators and Innovations Private Limited,Aurangabad Maharashtra,https://www.startupindia.gov.in/content/sih/en/profile.Incubator.5baa5ff4e4b0d739c05691ea.html,0,0
Forge Accelerator,Coimbatore Tamil Nadu,https://www.startupindia.gov.in/content/sih/en/profile.Incubator.5ba1108be4b0c3d97c67b46e.html,0,0
IIMK LIVE,Kozhikode Kerala,https://www.startupindia.gov.in/content/sih/en/profile.Incubator.5b9900e3e4b0043b157383f3.html,0,0
Neotec Hub,Kolkata West Bengal,https://www.startupindia.gov.in/content/sih/en/profile.Incubator.5b892652e4b09c68b527a351.html,0,0
B Nest,Bhopal Madhya Pradesh,https://www.startupindia.gov.in/content/sih/en/profile.Incubator.5b8108bbe4b0637a7012092c.html,0,0
Gujarat University Startup & Entre. Council,Ahmedabad Gujarat,https://www.startupindia.gov.in/content/sih/en/profile.Incubator.5b6d47fae4b0cc5d7eac6707.html,0,0
AICSKU,Anantapur Andhra Pradesh,https://www.startupindia.gov.in/content/sih/en/profile.Incubator.5b6ab74ee4b0cc5d7eac6058.html,0,0
Vaibhav Vashishtha,Jaipur Rajasthan,https://www.startupindia.gov.in/content/sih/en/profile.Incubator.5b67ec7ee4b070f8834272bf.html,0,0
Launchpad,Mumbai Maharashtra,https://www.startupindia.gov.in/content/sih/en/profile.Incubator.5b6297cae4b070f883426afb.html,0,0
Vinayak Bhandare,Delhi Delhi,https://www.startupindia.gov.in/content/sih/en/profile.Incubator.5b586ddae4b070f883425be1.html,0,0
IIT KGP,Kharagpur West Bengal,https://www.startupindia.gov.in/content/sih/en/profile.Incubator.5b5701eee4b070f883425814.html,0,0
Huddle,Gurugram Haryana,https://www.startupindia.gov.in/content/sih/en/profile.Incubator.5b55a47de4b070f883425583.html,0,0
Crescent Innovation and Incubation Council,Chennai Tamil Nadu,https://www.startupindia.gov.in/content/sih/en/profile.Incubator.5b52c309e4b070f88342508d.html,0,0
Jain University Incubation Centre,Bengaluru Karnataka,https://www.startupindia.gov.in/content/sih/en/profile.Incubator.5b51bc8fe4b070f883424ee6.html,0,0
G L Bajaj ITM,Noida Uttar Pradesh,https://www.startupindia.gov.in/content/sih/en/profile.Incubator.5b4846b1e4b037e88c4b0c97.html,0,0
Nutrihub,Hyderabad Telangana,https://www.startupindia.gov.in/content/sih/en/profile.Incubator.5b46fd68e4b037e88c4b0a59.html,0,0
Digital Impact Square,Nashik Maharashtra,https://www.startupindia.gov.in/content/sih/en/profile.Incubator.5b44afc9e4b037e88c4b0642.html,0,0
Sardar Patel Technology Business Incubator,Mumbai Maharashtra,https://www.startupindia.gov.in/content/sih/en/profile.Incubator.5b3cf058e4b01820a682b91a.html,0,0
SMVDU Technology Business Incubation Centre,Udhampur Jammu and Kashmir,https://www.startupindia.gov.in/content/sih/en/profile.Incubator.5b374c93e4b01820a682b1c4.html,0,0
NIIC- Nishank Incubation & Innovation Centre,Bhopal Madhya Pradesh,https://www.startupindia.gov.in/content/sih/en/profile.Incubator.5b362977e4b01820a682b0a1.html,0,0
VASPL Initiatives P Ltd,Bhopal Madhya Pradesh,https://www.startupindia.gov.in/content/sih/en/profile.Incubator.5b34b46fe4b01820a682ae18.html,0,0
Incubatiion Center IIT patna,Patna Bihar,https://www.startupindia.gov.in/content/sih/en/profile.Incubator.5b20accfe4b04f0864e2c97e.html,0,0
Regional Centre for Biotechnology,Delhi Delhi,https://www.startupindia.gov.in/content/sih/en/profile.Incubator.5b18ea61e4b04f0864e0bdb9.html,0,0
Council on Energy Environment and Water,Delhi Delhi,https://www.startupindia.gov.in/content/sih/en/profile.Incubator.5b18dc1be4b04f0864e0b660.html,0,0
IGDTUW Anveshan Foundation,Delhi Delhi,https://www.startupindia.gov.in/content/sih/en/profile.Incubator.5b07b4dee4b03c1074398666.html,0,0
Shell E4 - Energizing and Enabling Energy Entrepreneurs,Bengaluru Karnataka,https://www.startupindia.gov.in/content/sih/en/profile.Incubator.5b053bdfe4b0a9285b5bc7e8.html,0,0
IIML- SCIFI (SIDBI Centre for Innovations in Financial Inclusion),Lucknow Uttar Pradesh,https://www.startupindia.gov.in/content/sih/en/profile.Incubator.5aefef4ee4b0aec69f22389a.html,0,0
Startup BRO,Bengaluru Karnataka,https://www.startupindia.gov.in/content/sih/en/profile.Incubator.5aeeda8fe4b0aec69f222947.html,0,0
Healthpod India Pvt Ltd,Bengaluru Karnataka,https://www.startupindia.gov.in/content/sih/en/profile.Incubator.5ae99021e4b0eb115ecf507c.html,0,0
Excubator,Bengaluru Karnataka,https://www.startupindia.gov.in/content/sih/en/profile.Incubator.5ad9f08de4b04f23ea904f0d.html,0,0
Manav Rachna Innovation and Incubation Centre,Faridabad Haryana,https://www.startupindia.gov.in/content/sih/en/profile.Incubator.5ad89600e4b04f23ea90365e.html,0,0
Climate Collective,Mumbai Maharashtra,https://www.startupindia.gov.in/content/sih/en/profile.Incubator.5ad70e70e4b0c13abcef3677.html,0,0
Atal Incubation Centre - BIMTECH,Noida Uttar Pradesh,https://www.startupindia.gov.in/content/sih/en/profile.Incubator.5ac86382e4b0c13abcef26f6.html,29,145
JSS Business Incubator,Noida Uttar Pradesh,https://www.startupindia.gov.in/content/sih/en/profile.Incubator.5ac753f8e4b0c13abcef2641.html,0,0
ACC BUSINESS INCUBATOR,Chennai Tamil Nadu,https://www.startupindia.gov.in/content/sih/en/profile.Incubator.5ab09812e4b0935fed0907f9.html,0,0
Institute for Industrial Development,Lucknow Uttar Pradesh,https://www.startupindia.gov.in/content/sih/en/profile.Incubator.5aab8508e4b0935fed0902f2.html,0,0
Culture Group,Mumbai Maharashtra,https://www.startupindia.gov.in/content/sih/en/profile.Incubator.5aa7eb74e4b01df556d8908e.html,0,0
IIT Mandi Catalyst,Mandi Himachal Pradesh,https://www.startupindia.gov.in/content/sih/en/profile.Incubator.5aa25d95e4b0cd7639f2505f.html,0,0
Indigram Labs Foundation,New Delhi Delhi,https://www.startupindia.gov.in/content/sih/en/profile.Incubator.5aa22001e4b0cd7639f24ff3.html,0,0
Indian Academy of Entrepreneurship (IAEGlocal),Gurugram Haryana,https://www.startupindia.gov.in/content/sih/en/profile.Incubator.5a8ed90be4b075325d8be804.html,0,0
Entrepreneurship Development Center (Venture Center),Pune Maharashtra,https://www.startupindia.gov.in/content/sih/en/profile.Incubator.5a87c4e4e4b075325d8bd62f.html,0,0
AIC@36Inc,Raipur Chhattisgarh,https://www.startupindia.gov.in/content/sih/en/profile.Incubator.5a85c52de4b075325d8bd041.html,0,0
Society for Innovation and Entrepreneurship-SINE,Mumbai Maharashtra,https://www.startupindia.gov.in/content/sih/en/profile.Incubator.5a81766fe4b075325d8bc10d.html,0,0
CYSD,Bhubaneswar Odisha,https://www.startupindia.gov.in/content/sih/en/profile.Incubator.5a7c5777e4b075325d8bb11e.html,0,0
EKTA INCUBATION CENTRE,Kolkata West Bengal,https://www.startupindia.gov.in/content/sih/en/profile.Incubator.5a717e09e4b0a69edd06d8d5.html,0,0
VenturePark Incubator,Patna Bihar,https://www.startupindia.gov.in/content/sih/en/profile.Incubator.5a6f3a4fe4b0fc2fbf99d1e2.html,0,0
Bihar Ventures,Patna Bihar,https://www.startupindia.gov.in/content/sih/en/profile.Incubator.5a6b033ce4b0fc2fbf99cc04.html,0,0
Jabalpur Incubation,Jabalpur Madhya Pradesh,https://www.startupindia.gov.in/content/sih/en/profile.Incubator.5a658109e4b0fc2fbf99c36d.html,0,0
REVSTART INCUBATION CENTER,Delhi Delhi,https://www.startupindia.gov.in/content/sih/en/profile.Incubator.5a604421e4b0fc2fbf99bcd9.html,0,0
Society for Innovation and Development IISc,Bengaluru Karnataka,https://www.startupindia.gov.in/content/sih/en/profile.Incubator.5a5f0f81e4b0fc2fbf99bb27.html,0,0
Lemon Ideas Innovations Pvt Ltd,Nagpur Maharashtra,https://www.startupindia.gov.in/content/sih/en/profile.Incubator.5a4b62aae4b0865903d62219.html,0,0
INDIAN AGRICULTURAL RESEARCH INSTITUTE,Delhi Delhi,https://www.startupindia.gov.in/content/sih/en/profile.Incubator.5a49f78be4b0865903d61fa6.html,0,0
Gomassive Incubator Pvt Ltd,Delhi Delhi,https://www.startupindia.gov.in/content/sih/en/profile.Incubator.5a460d50e4b0865903d61cd5.html,0,0
AIC - AARTECH,Bhopal Madhya Pradesh,https://www.startupindia.gov.in/content/sih/en/profile.Incubator.5a4346a0e4b0762f513dbb90.html,0,0
3i Zone,Mumbai Maharashtra,https://www.startupindia.gov.in/content/sih/en/profile.Incubator.5a3b7540e4b0762f513daeec.html,0,0
Stratigo Co,Faridabad Haryana,https://www.startupindia.gov.in/content/sih/en/profile.Incubator.5a34b9d8e4b0762f513da3fd.html,0,0
Pandian Saraswathi Yadav Engineering College - Incubation Centre,Sivaganga Tamil Nadu,https://www.startupindia.gov.in/content/sih/en/profile.Incubator.5a23c493e4b05e72e7961918.html,0,0
IKP Knowledge Park,Hyderabad Telangana,https://www.startupindia.gov.in/content/sih/en/profile.Incubator.5a1e9bfce4b05e72e7960fd7.html,0,0
VIT-Technology Business Incubator (VITTBI),Vellore Tamil Nadu,https://www.startupindia.gov.in/content/sih/en/profile.Incubator.5a095f75e4b0361778cb0c6c.html,0,0
Centre for Advancing and Launching Enterprises,Ahmedabad Gujarat,https://www.startupindia.gov.in/content/sih/en/profile.Incubator.5a0001eae4b0f281b9ab9335.html,0,0
Quadlegal,Delhi Delhi,https://www.startupindia.gov.in/content/sih/en/profile.Incubator.59f4d536e4b0a73bc5b4006d.html,0,0
BioRiiDL,Mumbai Maharashtra,https://www.startupindia.gov.in/content/sih/en/profile.Incubator.59f30233e4b08ba304de84cf.html,0,0
AIC-SKU Confederation - The Atal Incubation Centre,Anantapur Andhra Pradesh,https://www.startupindia.gov.in/content/sih/en/profile.Incubator.59f2d7d8e4b08ba304de8446.html,0,0
SSCBS Innovation and Incubation Foundation,Delhi Delhi,https://www.startupindia.gov.in/content/sih/en/profile.Incubator.59eedb3de4b04a1c6f1241b1.html,0,0
S3IDF,Bengaluru Karnataka,https://www.startupindia.gov.in/content/sih/en/profile.Incubator.59e82c62e4b04a1c6f1239ff.html,0,0
OCTS-The Arena,Delhi Delhi,https://www.startupindia.gov.in/content/sih/en/profile.Incubator.59e49704e4b04a1c6f1236c4.html,0,0
SCTIMST-TIMed,Thiruvananthapuram Kerala,https://www.startupindia.gov.in/content/sih/en/profile.Incubator.59df1725e4b01f6cadfcef30.html,0,0
MUTBI,Udupi Karnataka,https://www.startupindia.gov.in/content/sih/en/profile.Incubator.59d7188be4b01e27ea14246c.html,0,0
a-IDEA NAARM TBI,Hyderabad Telangana,https://www.startupindia.gov.in/content/sih/en/profile.Incubator.59d5cea8e4b0a503d6ce3dbe.html,0,0
ISB DLABS,Hyderabad Telangana,https://www.startupindia.gov.in/content/sih/en/profile.Incubator.59a7a23ce4b0e464ff654762.html,0,0
CIET-TBI,Coimbatore Tamil Nadu,https://www.startupindia.gov.in/content/sih/en/profile.Incubator.598c100be4b0d537625ff15b.html,0,0
Research Innovation Incubation Design Laboratory,Mumbai Maharashtra,https://www.startupindia.gov.in/content/sih/en/profile.Incubator.597b45ace4b0bed982a4ea53.html,0,0
STIO Tech Incubator,Visakhapatnam Andhra Pradesh,https://www.startupindia.gov.in/content/sih/en/profile.Incubator.596f0af0e4b02e027ba9bab6.html,0,0
99 LEAP,Ranchi Jharkhand,https://www.startupindia.gov.in/content/sih/en/profile.Incubator.596eaf35e4b02e027ba9ba7c.html,0,0
UIncept,Gurugram Haryana,https://www.startupindia.gov.in/content/sih/en/profile.Incubator.596c9a2ce4b02e027ba9b98d.html,0,0
CIBA,Margao Goa,https://www.startupindia.gov.in/content/sih/en/profile.Incubator.596c4d81e4b02e027ba9b91d.html,0,0
DERBI Foundation,Bengaluru Karnataka,https://www.startupindia.gov.in/content/sih/en/profile.Incubator.59687d55e4b02e027ba9b7ea.html,0,0
IIMK LIVE,Kozhikode Kerala,https://www.startupindia.gov.in/content/sih/en/profile.Incubator.5965d120e4b02e027ba9b698.html,0,0
IAMAI-Mobile10X,Bengaluru Karnataka,https://www.startupindia.gov.in/content/sih/en/profile.Incubator.595f6eb7e4b0a4633d9191d3.html,0,0
Bhavya Entrepreneur Incubation Service Foundation,Bengaluru Karnataka,https://www.startupindia.gov.in/content/sih/en/profile.Incubator.595525dee4b0bcdc8b670ca5.html,0,0
AIC at Banasthali University,Jaipur Rajasthan,https://www.startupindia.gov.in/content/sih/en/profile.Incubator.59534947e4b0bcdc8b670b75.html,0,0
FISE - Social Alpha,Bengaluru Karnataka,https://www.startupindia.gov.in/content/sih/en/profile.Incubator.594bb04ae4b08c395932731f.html,0,0
CCAMP_Bangalore,Bengaluru Karnataka,https://www.startupindia.gov.in/content/sih/en/profile.Incubator.594b6162e4b08c39593272bf.html,0,0
iB Hubs,Delhi Delhi,https://www.startupindia.gov.in/content/sih/en/profile.Incubator.594aade7e4b08c3959327252.html,0,0
AIC-NIFT TEA incubation centre for Textiles and Apparel,Tiruppur Tamil Nadu,https://www.startupindia.gov.in/content/sih/en/profile.Incubator.59490945e4b08c3959327082.html,0,0
TBI-BITS-PILANI HYDERABAD,Hyderabad Telangana,https://www.startupindia.gov.in/content/sih/en/profile.Incubator.5948ed2be4b08c3959327044.html,0,0
Designovator,Mumbai Maharashtra,https://www.startupindia.gov.in/content/sih/en/profile.Incubator.5948ebe5e4b08c395932703c.html,0,0
ZDream Ventures,Gurugram Haryana,https://www.startupindia.gov.in/content/sih/en/profile.Incubator.5948b7f1e4b08c3959326f07.html,0,0
thinQbate,Mumbai Maharashtra,https://www.startupindia.gov.in/content/sih/en/profile.Incubator.5947a7d8e4b08c3959326de3.html,0,0
Amrita Technology Business Incubator,Kollam Kerala,https://www.startupindia.gov.in/content/sih/en/profile.Incubator.5946ebafe4b0cb42c591450b.html,0,0
TREC-STEP,Tiruchirappalli Tamil Nadu,https://www.startupindia.gov.in/content/sih/en/profile.Incubator.5943cce0e4b0cb42c59143ec.html,0,0
Shriram Institute- Technology Business Incubator (SRI-TBI),Delhi Delhi,https://www.startupindia.gov.in/content/sih/en/profile.Incubator.5942b479e4b0b404879341c3.html,0,0
Electropreneur Park,Delhi Delhi,https://www.startupindia.gov.in/content/sih/en/profile.Incubator.59422dd0e4b0b404879341a2.html,0,0
KIIT-Technology Business Incubator,Bhubaneswar Odisha,https://www.startupindia.gov.in/content/sih/en/profile.Incubator.59412e96e4b0b40487934190.html,0,0
Centre for Incubation and Business Acceleration,Navi Mumbai Maharashtra,https://www.startupindia.gov.in/content/sih/en/profile.Incubator.593e7f8de4b0b4048793415d.html,0,0
T- Hub,Hyderabad Telangana,https://www.startupindia.gov.in/content/sih/en/profile.Incubator.593e38c4e4b0b4048793414f.html,0,0
BITS BIRAC bioNEST,Marmagao Goa,https://www.startupindia.gov.in/content/sih/en/profile.Incubator.593922efe4b0b404879340d1.html,0,0
IIT Madras Bioincubator,Chennai Tamil Nadu,https://www.startupindia.gov.in/content/sih/en/profile.Incubator.5937ac5ae4b0b404879340c2.html,0,0
IIM-Lucknow Enterprise Incubation Centre,Noida Uttar Pradesh,https://www.startupindia.gov.in/content/sih/en/profile.Incubator.59378de2e4b0b404879340b1.html,0,0
Agri-Business Incubator of ICRISAT,Hyderabad Telangana,https://www.startupindia.gov.in/content/sih/en/profile.Incubator.59339a22e4b0b4048793408b.html,0,0
SSTC Business Incubator,Durg Chhattisgarh,https://www.startupindia.gov.in/content/sih/en/profile.Incubator.5926d0ffe4b0b40487933fcc.html,0,0
Millionminds,Mumbai Maharashtra,https://www.startupindia.gov.in/content/sih/en/profile.Incubator.5919a5d6e4b0fb96ac3becd6.html,0,0
IIITH Foundation,Hyderabad Telangana,https://www.startupindia.gov.in/content/sih/en/profile.Incubator.590857bce4b0e5b9268ffadc.html,0,0
Faridabad StartUp Network,Faridabad Haryana,https://www.startupindia.gov.in/content/sih/en/profile.Incubator.5906fc24e4b0e5b9268ffad4.html,0,0
NSRCEL IIM BANGALORE,Bengaluru Karnataka,https://www.startupindia.gov.in/content/sih/en/profile.Incubator.58f8d80ee4b0e5b9268ffa83.html,0,0
Krishna Path Incubation Society-TBI KIET Group of Institutions Ghaziabad,Modinagar Uttar Pradesh,https://www.startupindia.gov.in/content/sih/en/profile.Incubator.58f704b6e4b0e5b9268ffa75.html,0,0
iciitp: Incubation centre IIT Patna,Patna Bihar,https://www.startupindia.gov.in/content/sih/en/profile.Incubator.58f49a25e4b042faf8e1f8de.html,0,0
iCreate,Ahmedabad Gujarat,https://www.startupindia.gov.in/content/sih/en/profile.Incubator.58ef435fe4b07790e530b3a2.html,0,0
PSG - STEP,Coimbatore Tamil Nadu,https://www.startupindia.gov.in/content/sih/en/profile.Incubator.58e894ebe4b01912818c551a.html,0,0
TestIncubator,Delhi Delhi,https://www.startupindia.gov.in/content/sih/en/profile.Incubator.58e489e86eee017aaaa538be.html,0,0
a-IDEA,Hyderabad Telangana,https://www.startupindia.gov.in/content/sih/en/profile.Incubator.58e22472e4b087438918d46f.html,0,0
91springboard,Delhi Delhi,https://www.startupindia.gov.in/content/sih/en/profile.Incubator.58e1ee46e4b087438918d44f.html,0,0
Innovation and Incubation Centre at Pandit Deendayal Petroleum University,Ahmedabad Gujarat,https://www.startupindia.gov.in/content/sih/en/profile.Incubator.58da6211e4b068d742da9a7b.html,0,0
Technology Business Incubator @ Kongu Engineering College (TBI@KEC),Erode Tamil Nadu,https://www.startupindia.gov.in/content/sih/en/profile.Incubator.58da4adae4b068d742da9a78.html,0,0
ASPIRE-TBI University of Hyderabad,Hyderabad Telangana,https://www.startupindia.gov.in/content/sih/en/profile.Incubator.58da0bbae4b068d742da9a73.html,0,0
DKTE Technology Business Incubator,Ichalkaranji Maharashtra,https://www.startupindia.gov.in/content/sih/en/profile.Incubator.58d90744e4b068d742da9a6d.html,0,0